Unnamed: 0,sku,national_inv,lead_time,in_transit_qty,forecast_3_month,forecast_6_month,forecast_9_month,sales_1_month,sales_3_month,sales_6_month,sales_9_month,min_bank,potential_issue,pieces_past_due,perf_6_month_avg,perf_12_month_avg,local_bo_qty,deck_risk,oe_constraint,ppap_risk,stop_auto_buy,rev_stop
1001,3362071,0,12,0,4,5,7,2,5,6,6,0,No,0,0.57,0.68,0,No,No,No,Yes,No
1002,3362095,-13,8,4,63,93,128,17,81,89,91,4,No,0,0.99,0.96,17,No,No,No,Yes,No
1003,3362448,35,0,3,132,204,252,27,106,202,296,55,No,0,0,0,0,No,No,Yes,No,No
1004,3362588,75,52,0,348,468,648,43,159,362,430,47,No,0,0.83,0.9,0,Yes,No,Yes,No,No
1005,3362693,5,12,1,73,107,151,6,66,103,132,13,No,0,0.73,0.79,0,No,No,No,Yes,No
1006,3362891,4,8,0,14,35,42,14,33,59,81,4,No,0,0.79,0.87,0,No,No,No,Yes,No
1007,3362901,12,8,0,18,48,66,7,35,70,99,0,No,0,0.76,0.84,0,No,No,No,Yes,No
1008,3362992,3,3,0,48,72,120,20,52,84,103,0,No,0,1,1,0,No,No,No,Yes,No
1009,3363021,2,8,0,0,0,0,2,7,10,16,0,No,0,0.93,0.95,0,No,No,No,Yes,No
1010,3363041,0,3,0,2,2,3,1,1,2,2,2,No,0,0.1,0.68,0,No,No,No,Yes,No
1011,3363104,5,2,0,4,4,4,2,4,4,4,0,No,0,0.53,0.46,0,Yes,No,No,Yes,No
1012,3363118,6,8,0,8,18,28,3,9,16,27,0,No,0,0.97,0.98,0,No,No,No,Yes,No
1013,3363176,15,2,0,0,0,0,1,2,5,5,2,No,0,0.99,0.97,0,No,No,No,Yes,No
1014,3363570,8,8,0,40,40,60,8,12,25,42,2,No,0,0.98,0.97,0,No,No,No,Yes,No
1015,3363737,-1,8,0,40,50,70,3,20,51,66,3,No,0,0.18,0.33,1,No,No,No,Yes,No
1016,3363757,5,2,10,10,10,10,11,25,40,52,17,No,0,0.85,0.83,0,No,No,No,Yes,No
1017,3363820,3,8,0,7,7,7,2,4,7,7,0,No,0,0.99,0.99,0,No,No,No,Yes,No
1018,3363920,0,9,0,17,22,27,5,13,20,27,0,No,0,0.99,0.99,0,No,No,No,Yes,No
1019,3364142,2,2,0,4,8,12,1,5,9,10,1,No,0,0.98,0.97,0,No,No,No,Yes,No
1020,3364225,3,8,0,32,44,52,5,20,44,70,7,No,0,0.15,0.1,0,No,No,No,Yes,No
1021,3364266,1,2,1,0,0,0,0,0,0,0,0,No,0,0.53,0.53,0,No,No,No,Yes,No
1022,3364342,5,8,0,0,0,0,7,10,11,13,3,No,0,0.96,0.89,0,No,No,No,Yes,No
1023,3364521,137,0,0,438,718,998,157,522,775,815,346,No,0,-99,0,0,No,No,No,No,No
1024,3364607,11,8,0,36,88,114,6,32,67,104,2,No,0,0.41,0.46,0,No,No,No,Yes,No
1025,3364671,0,8,0,4,6,8,1,2,5,7,0,No,0,0.08,0.26,0,No,No,No,Yes,No
1026,3364759,3,2,0,20,20,20,2,3,5,7,0,No,0,0.5,0.52,0,Yes,No,No,No,No
1027,3364771,0,8,0,12,24,36,3,9,18,29,0,No,0,0,0,0,No,No,No,Yes,No
1028,3364872,0,8,0,9,14,20,0,5,16,27,5,No,0,0.8,0.79,0,No,No,No,Yes,No
1029,3364937,0,12,0,9,13,17,5,7,12,15,0,No,0,0.73,0.79,0,No,No,No,Yes,No
1030,3364966,14,2,0,15,30,45,3,13,21,29,0,No,0,0.73,0.76,0,No,No,Yes,Yes,No
1031,3365133,37,2,24,48,120,192,0,68,127,170,18,No,0,0.97,0.89,0,No,No,No,Yes,No
1032,3365278,2,2,0,150,150,150,32,44,45,50,3,No,0,0.61,0.66,0,Yes,No,No,Yes,No
1033,3365692,3,9,0,19,24,29,4,8,13,25,4,No,0,0.7,0.66,0,No,No,No,Yes,No
1034,3365812,12,8,0,204,366,596,35,141,325,427,40,No,0,0.31,0.2,2,No,No,No,Yes,No
1035,3365826,0,12,0,3,5,6,0,2,3,4,0,No,0,0.57,0.68,0,No,No,No,Yes,No
1036,3365843,1,8,0,1,2,3,1,2,8,8,0,No,0,0.82,0.84,0,No,No,No,Yes,No
1037,3365914,3,2,0,56,98,112,23,66,67,68,24,No,0,0.03,0.1,0,No,No,No,Yes,No
1038,3366420,172,12,0,0,0,0,15,37,51,54,0,No,0,0.94,0.87,0,No,No,No,Yes,No
1039,3366454,3,8,0,0,2,4,1,2,2,5,0,No,0,0.96,0.96,0,No,No,No,Yes,No
1040,3366553,2,8,0,18,26,26,2,6,15,28,2,No,0,0.98,0.98,0,No,No,No,Yes,No
1041,3366591,-2,12,1,16,22,28,7,17,29,41,0,No,0,0.77,0.73,2,No,No,No,Yes,No
1042,3366621,0,12,1,4,7,10,2,6,8,11,0,No,0,0.73,0.79,0,No,No,No,Yes,No
1043,3366717,1,9,0,6,9,12,1,3,5,6,0,No,0,0,0,0,No,No,No,Yes,No
1044,3366751,8,8,3,130,208,260,26,80,142,202,31,No,0,0.94,0.92,1,No,No,No,Yes,No
1045,3366849,0,2,0,10,10,10,3,3,5,5,0,No,0,0.04,0.03,0,Yes,No,No,Yes,No
1046,3366870,1,8,0,7,10,16,4,10,12,14,0,No,0,0.84,0.87,0,No,No,No,Yes,No
1047,3367121,9,8,0,9,9,18,1,4,12,16,10,No,0,0.95,0.77,0,No,No,No,Yes,No
1048,3367370,0,9,0,20,20,20,4,6,18,24,0,No,0,0.7,0.66,0,No,No,Yes,Yes,No
1049,3367405,6,8,0,24,48,64,6,21,38,57,0,No,0,0.86,0.88,0,No,No,Yes,Yes,No
1050,3367558,11,8,0,0,0,0,11,61,79,80,13,No,0,0.9,0.92,0,No,No,No,Yes,No
1051,3367560,0,8,0,3,5,6,4,7,11,20,1,No,0,0.96,0.96,0,No,No,No,Yes,No
1052,3367630,0,8,0,2,3,4,1,2,2,3,0,No,0,0.87,0.82,0,No,No,No,Yes,No
1053,3367740,7,8,0,0,1,4,3,8,13,29,2,No,0,0.96,0.96,0,No,No,No,Yes,No
1054,3367848,7,2,0,50,50,50,4,8,16,20,0,No,0,0.9,0.92,0,No,No,No,Yes,No
1055,3368013,0,12,0,0,0,0,1,4,7,7,16,No,0,1,0.99,0,Yes,No,No,No,No
1056,3368079,0,12,0,8,8,8,0,1,3,9,0,No,0,0.73,0.79,0,No,No,No,Yes,No
1057,3368253,10,8,0,8,15,29,6,9,18,31,4,No,0,0.79,0.79,0,No,No,No,Yes,No
1058,3368282,1243,8,0,3520,6746,10506,884,3335,6514,8933,889,No,0,0.79,0.71,0,No,No,Yes,Yes,No
1059,3368290,0,8,0,36,57,78,9,27,48,71,0,No,0,0.37,0.34,0,No,No,No,Yes,No
1060,3368475,0,8,0,3,3,3,0,0,0,1,0,No,0,0,0.07,0,No,No,No,Yes,No
1061,3368559,1,8,0,24,45,60,6,17,17,34,3,No,0,0.72,0.69,0,No,No,No,Yes,No
1062,3368566,11,2,6,14,28,28,1,11,21,27,6,No,0,0.97,0.98,0,No,No,No,Yes,No
1063,3368834,-3,8,0,16,24,32,1,23,27,31,1,No,0,0.99,0.97,3,No,No,No,Yes,No
1064,3368869,7,8,3,0,0,3,11,13,17,22,2,No,0,0.97,0.96,0,No,No,No,Yes,No
1065,3369077,10,8,0,12,22,37,9,20,41,69,0,No,0,0.35,0.36,0,No,No,No,Yes,No
1066,3369120,13,8,10,23,33,48,9,17,28,48,5,No,0,0.99,0.99,0,No,No,No,Yes,No
1067,3369326,0,8,0,5,10,15,0,0,0,0,0,No,0,1,0.98,0,No,No,No,Yes,No
1068,3369441,1,2,0,28,44,60,11,26,38,39,1,No,0,0.78,0.75,0,No,No,No,Yes,No
1069,3369633,12,0,0,0,0,0,0,2,7,12,1,No,0,0,0,0,No,No,Yes,No,No
1070,3369635,6,9,0,26,40,40,6,22,41,62,7,No,0,0.99,0.99,0,No,No,No,Yes,No
1071,3369707,3,2,0,0,0,0,0,0,2,2,0,No,0,0.73,0.76,0,Yes,No,No,Yes,No
1072,3369735,19,2,0,26,52,78,7,23,73,116,0,No,0,0.9,0.93,0,No,No,Yes,Yes,No
1073,3369777,6,2,0,4,8,12,2,5,15,18,2,No,0,0.22,0.14,0,No,No,No,Yes,No
1074,3369889,3,2,0,26,27,27,0,0,0,0,1,No,0,0,0,0,Yes,No,No,Yes,No
1075,3370161,2,8,0,15,23,31,6,16,21,43,1,No,0,0.92,0.89,0,No,No,No,Yes,No
1076,3370286,2,2,0,4,6,10,4,7,11,20,2,No,0,1,0.99,0,No,No,No,Yes,No
1077,3370430,9,9,0,0,1,1,4,9,16,28,0,No,0,0.99,0.99,0,No,No,No,Yes,No
1078,3370575,16,2,0,0,0,0,4,6,8,10,0,No,0,0.83,0.79,0,Yes,No,No,Yes,No
1079,3370722,149,8,42,308,647,1030,99,342,765,961,86,No,0,0.13,0.17,0,No,No,No,Yes,No
1080,3370822,0,2,0,5,5,5,0,0,0,0,1,No,0,0,0,0,Yes,No,No,Yes,No
1081,3370962,1,8,0,2,3,5,2,3,5,6,0,No,0,1,0.92,0,No,No,No,Yes,No
1082,3371092,2,12,0,2,4,5,0,1,3,4,3,No,0,0.73,0.79,0,No,No,No,Yes,No
1083,3371205,1,8,0,3,4,6,0,2,3,4,3,No,0,0.95,0.92,0,No,No,No,Yes,No
1084,3371291,85,15,0,0,0,0,8,20,41,60,10,No,0,0.52,0.57,0,No,No,Yes,Yes,No
1085,3371335,3,8,0,29,45,65,5,21,36,59,11,No,0,0.5,0.46,0,No,No,No,Yes,No
1086,3371485,2,3,0,15,23,31,3,11,18,28,0,No,0,0.99,0.99,0,No,No,No,Yes,No
1087,3371764,27,4,0,0,0,0,0,0,0,0,0,No,0,0.73,0.78,0,No,No,No,Yes,No
1088,3371803,0,2,0,8,8,8,2,2,2,2,0,No,0,0.27,0.26,0,Yes,No,Yes,Yes,No
1089,3372253,2,30,0,0,40,48,1,11,27,41,0,No,0,0.83,0.92,0,No,No,No,Yes,No
1090,3372323,231,8,0,0,0,0,0,0,0,0,0,No,0,0.97,0.96,0,No,No,No,Yes,No
1091,3372523,1,3,0,0,0,0,0,0,3,4,0,No,0,1,0.99,0,No,No,No,Yes,No
1092,3372531,7,2,6,22,33,44,0,10,23,28,0,No,0,0.83,0.85,0,No,No,No,Yes,No
1093,3372548,0,2,0,8,12,16,2,6,8,14,0,No,0,0.97,0.93,0,No,No,No,Yes,No
1094,3372719,0,2,0,3,5,6,0,0,3,3,1,No,0,0.75,0.78,0,No,No,No,Yes,No
1095,3372790,43,8,18,85,104,142,29,64,108,156,40,No,0,0.9,0.92,0,No,No,No,Yes,No
1096,3372930,0,12,0,11,17,26,1,13,27,38,1,No,0,0.7,0.76,0,No,No,Yes,Yes,No
1097,3373016,-1,2,0,8,16,16,3,5,8,9,2,No,0,1,0.95,1,Yes,No,Yes,Yes,No
1098,3373041,-1,14,9,112,161,231,36,127,203,260,22,No,0,0.65,0.71,1,No,No,No,Yes,No
1099,3373285,2,8,0,80,140,188,3,32,93,139,20,No,0,0.12,0.1,0,No,No,Yes,Yes,No
1100,3373469,8,2,0,12,32,48,8,23,44,53,0,No,0,0.93,0.92,0,No,No,No,Yes,No
1101,3373540,0,8,0,53,83,133,2,27,51,65,16,No,0,0.78,0.8,0,No,No,No,Yes,No
1102,3373564,0,2,4,30,45,70,5,24,42,76,3,No,0,0.99,0.96,0,No,No,No,Yes,No
1103,3374194,2,9,0,23,42,54,2,5,33,46,9,No,0,0.7,0.66,0,No,No,No,Yes,No
1104,3374225,21,8,0,17,34,51,6,21,38,50,8,No,0,0.22,0.13,0,No,No,No,Yes,No
1105,3374255,0,12,0,20,36,60,3,17,26,36,0,No,0,0.46,0.4,0,No,No,No,Yes,No
1106,3374310,23,2,0,42,84,126,9,35,67,91,0,No,0,0.92,0.92,0,No,No,No,Yes,No
1107,3374417,0,9,0,3,5,6,4,6,6,6,0,No,0,0.93,0.78,0,No,No,No,Yes,No
1108,3374588,0,8,0,3,3,3,0,1,2,2,1,No,0,0.37,0.34,0,No,No,Yes,Yes,No
1109,3374589,3,2,0,2,2,2,4,7,19,20,1,No,0,0.79,0.61,0,Yes,No,Yes,Yes,No
1110,3374601,0,2,0,0,0,0,3,3,3,3,0,No,0,0.94,0.96,0,No,No,No,Yes,No
1111,3374724,3,9,0,0,2,3,0,2,2,2,0,No,0,0.93,0.78,0,No,No,No,Yes,No
1112,3375043,-89,8,58,918,1290,1662,457,962,1310,1737,81,No,0,0.55,0.74,119,No,No,No,Yes,No
1113,3375078,1,8,0,29,47,73,5,13,30,43,0,No,0,0.78,0.75,0,No,No,No,Yes,No
1114,3375102,1,4,0,4,8,11,3,5,5,6,0,No,0,0.95,0.77,0,No,No,No,Yes,No
1115,3375315,2,9,0,4,8,10,2,4,9,9,0,No,0,0.54,0.48,0,No,No,No,Yes,No
1116,3375555,20,2,8,516,932,1380,2,2,2,4,98,No,0,0.7,0.71,0,No,No,No,Yes,No
1117,3375643,18,2,0,0,24,51,9,22,42,68,2,No,0,0.6,0.71,0,No,No,No,Yes,No
1118,3375668,8,12,0,16,32,32,7,15,26,37,9,No,0,0.7,0.76,0,No,No,No,Yes,No
1119,3375730,-1,8,0,22,33,33,1,6,11,23,5,No,0,0.19,0.49,1,No,No,No,Yes,No
1120,3375777,0,5,0,118,187,261,0,1,1,1,11,No,0,0.65,0.71,0,No,No,No,Yes,No
1121,3375796,1,8,0,11,23,29,2,6,16,25,0,No,0,0.91,0.95,0,No,No,No,Yes,No
1122,3375847,0,12,0,8,8,8,0,1,4,7,0,No,0,0.46,0.4,0,No,No,No,Yes,No
1123,3375931,11,8,0,14,34,58,8,27,58,79,0,No,0,0.97,0.96,0,No,No,No,Yes,No
1124,3376003,8,8,0,0,0,4,0,2,4,5,0,No,0,0.9,0.88,0,No,No,No,Yes,No
1125,3376288,15,8,0,74,163,252,0,0,0,0,0,No,0,1,1,0,No,No,No,Yes,No
1126,3376313,54,8,5,272,272,323,57,172,257,390,113,No,0,0.87,0.88,0,No,No,No,Yes,No
1127,3376447,0,2,0,7,7,12,0,0,0,0,0,No,0,0.82,0.81,0,No,No,Yes,Yes,No
1128,3376673,0,12,0,10,15,20,1,13,18,22,3,No,0,0.73,0.79,0,No,No,No,Yes,No
1129,3376705,11,2,0,0,22,22,22,45,74,86,3,No,0,1,0.98,0,No,No,No,Yes,No
1130,3376728,7,2,0,12,24,36,11,19,38,68,0,No,0,0.99,0.99,0,No,No,No,Yes,No
1131,3376778,0,8,0,30,40,50,9,19,33,43,2,No,0,0.34,0.57,0,No,No,No,Yes,No
1132,3376851,0,52,0,2,2,3,0,3,8,11,0,No,0,0.99,0.94,0,Yes,No,No,No,No
1133,3377060,1,2,3,15,27,48,9,18,35,42,0,No,0,1,0.99,0,No,No,Yes,Yes,No
1134,3377181,12,2,0,18,42,66,7,25,52,53,12,No,0,0.53,0.53,0,No,No,No,Yes,No
1135,3377272,1,12,0,2,3,4,1,3,4,4,3,No,0,0.99,0.99,0,No,No,No,Yes,No
1136,3377276,5,8,0,0,0,0,1,3,9,9,2,No,0,0.94,0.8,0,No,No,No,Yes,No
1137,3377294,0,8,0,12,19,26,1,8,10,13,2,No,0,0.9,0.95,0,No,No,No,Yes,No
1138,3377461,29,8,0,0,0,0,0,0,11,11,0,No,0,0.66,0.8,0,No,No,No,Yes,No
1139,3377941,1,8,0,105,165,240,25,82,162,245,28,No,0,0.66,0.64,2,No,No,No,Yes,No
1140,3377983,19,8,0,0,26,39,3,15,29,41,0,No,0,0.93,0.89,0,No,No,No,Yes,No
1141,3378113,13,2,0,0,60,60,6,19,35,46,0,No,0,0.9,0.89,0,No,No,No,Yes,No
1142,3378129,8,2,0,40,60,100,13,34,61,84,0,No,0,1,0.95,0,No,No,No,Yes,No
1143,3378283,3,2,0,2,4,7,0,3,4,6,0,No,0,0.99,0.99,0,No,No,No,Yes,No
1144,3378330,2,3,0,35,45,55,7,22,23,23,0,No,0,0.41,0.46,0,Yes,No,No,Yes,No
1145,3378355,0,2,0,5,5,5,0,0,2,2,0,No,0,0.84,0.87,0,No,No,Yes,Yes,No
1146,3378364,0,2,0,0,0,0,0,0,0,0,0,No,0,0.89,0.9,0,No,No,No,Yes,No
1147,3378388,59,8,0,645,645,645,0,381,557,615,5,No,0,0.98,0.97,0,No,No,No,Yes,No
1148,3378522,70,8,0,45,90,135,21,47,93,145,27,No,0,0.97,0.96,0,No,No,Yes,Yes,No
1149,3378767,7,8,0,10,25,40,0,14,36,53,2,No,0,0.84,0.8,0,No,No,No,Yes,No
1150,3378861,0,8,0,4,5,7,0,2,4,5,0,No,0,0,0,0,No,No,Yes,Yes,No
1151,3378866,1,13,0,8,12,16,4,7,7,14,0,No,0,0.82,0.81,0,No,No,No,Yes,No
1152,3379281,0,,0,0,0,0,0,0,0,0,0,No,0,-99,-99,0,No,No,No,Yes,No
1153,3379438,0,12,0,7,11,17,0,1,6,12,0,No,0,0.7,0.76,0,No,No,No,Yes,No
1154,3379470,0,12,0,11,11,11,0,0,0,0,0,No,0,0.48,0.48,0,Yes,No,No,Yes,No
1155,3379579,0,4,881,1200,1200,1200,618,5195,11187,17611,1,No,0,0.87,0.9,0,No,No,Yes,Yes,No
1156,3379600,0,2,0,47,77,77,0,0,0,0,0,No,0,0.96,0.92,0,No,No,No,Yes,No
1157,3379681,2,8,0,9,9,15,1,9,13,18,0,No,0,0.18,0.33,0,No,No,No,Yes,No
1158,3379732,0,8,0,5,5,5,0,0,2,6,3,No,0,0.32,0.38,0,No,No,No,Yes,No
1159,3379769,73,8,0,252,372,444,11,125,309,718,23,No,0,0.95,0.92,0,No,No,No,Yes,No
1160,3379804,2,8,0,51,81,117,24,48,62,70,0,No,0,0.78,0.75,0,No,No,No,Yes,No
1161,3379814,16,8,1,92,152,202,12,93,163,244,15,No,0,0.57,0.59,1,No,No,No,Yes,No
1162,3379877,0,8,0,3,4,5,0,0,3,5,1,No,0,0.36,0.44,0,No,No,Yes,Yes,No
1163,3379890,0,8,0,25,49,61,27,41,58,78,4,No,0,0.48,0.52,0,No,No,No,Yes,No
1164,3379955,2,8,0,12,18,24,2,9,25,32,4,No,0,0.96,0.61,0,No,No,No,Yes,No
1165,3380025,2,2,0,4,8,12,3,10,10,12,0,No,0,0.89,0.82,0,No,No,No,Yes,No
1166,3380172,0,8,0,41,57,69,2,13,20,42,0,No,0,0.76,0.84,0,No,No,No,Yes,No
1167,3380283,19,4,0,0,0,0,0,0,0,0,0,No,0,0.22,0.21,0,Yes,No,No,Yes,No
1168,3380285,4,2,0,2,4,4,0,3,5,5,0,No,0,0.54,0.56,0,Yes,No,No,Yes,No
1169,3380520,0,8,0,26,26,26,0,7,14,23,4,No,0,0.99,0.99,0,No,No,No,Yes,No
1170,3380581,4,8,0,60,60,60,6,16,29,39,0,No,0,0.83,0.86,0,No,No,No,Yes,No
1171,3380669,2,8,0,0,1,2,1,1,2,5,1,No,0,0.85,0.92,0,No,No,No,Yes,No
1172,3380896,11,2,0,30,65,100,10,41,60,105,2,No,0,0.62,0.58,0,No,No,Yes,Yes,No
1173,3380931,5,8,0,30,48,72,8,32,64,99,2,No,0,0.98,0.97,0,No,No,No,Yes,No
1174,3381058,120,,4,0,0,0,21,73,138,217,33,No,0,-99,-99,0,No,No,Yes,No,No
1175,3381082,0,,0,0,0,0,399,740,740,772,4,No,0,-99,-99,0,No,No,No,Yes,No
1176,3381146,4,11,0,0,6,10,2,6,15,21,0,No,0,0.85,0.8,0,No,No,No,Yes,No
1177,3381153,32,2,24,87,166,218,187,363,467,713,20,No,0,0.89,0.87,13,No,No,No,Yes,No
1178,3381406,9,8,0,0,0,0,0,1,2,2,0,No,0,0.64,0.64,0,No,No,No,Yes,No
1179,3381433,-20,12,0,240,330,420,428,451,553,628,117,No,0,0.94,0.88,20,No,No,No,Yes,No
1180,3381534,-1,8,1,30,45,60,3,9,21,73,3,No,0,0.22,0.22,2,No,No,No,Yes,No
1181,3381549,9,9,0,21,42,56,4,19,28,50,16,No,0,0.95,0.89,0,No,No,No,Yes,No
1182,3381563,0,12,0,43,63,83,2,26,40,52,2,No,0,0.73,0.79,0,No,No,No,Yes,No
1183,3381569,11,8,0,100,100,100,3,14,24,42,2,No,0,1,1,0,No,No,No,Yes,No
1184,3381699,5,12,0,8,16,24,4,13,20,30,0,No,0,0.87,0.8,0,No,No,No,Yes,No
1185,3381964,1084,8,1085,32,32,32,1,9,25,29,3,No,0,0.72,0.55,1,No,No,Yes,Yes,No
1186,3382109,0,12,0,0,0,0,0,0,0,0,0,No,0,0.73,0.79,0,No,No,No,Yes,No
1187,3382126,0,2,0,13,19,19,0,0,0,0,1,No,0,0.77,0.64,0,No,No,No,Yes,No
1188,3382298,8,8,0,0,12,12,1,7,14,18,3,No,0,1,0.8,0,No,No,No,Yes,No
1189,3382316,5,8,0,160,240,240,29,64,152,262,17,No,0,0.91,0.95,1,No,No,Yes,Yes,No
1190,3382342,1,8,1,36,63,81,1,41,43,55,6,No,0,0.97,0.98,0,No,No,No,Yes,No
1191,3382346,8,9,0,0,2,3,1,4,10,17,0,No,0,0.96,0.95,0,No,No,No,Yes,No
1192,3382408,34,8,13,228,372,510,21,117,260,392,54,No,0,0.22,0.22,3,No,No,No,Yes,No
1193,3382582,0,8,0,125472,258240,319008,0,0,0,0,18108,No,0,0.89,0.9,0,No,No,Yes,Yes,No
1194,3382608,2,8,10,31,44,57,10,24,34,61,0,No,0,1,0.88,0,No,No,No,Yes,No
1195,3382659,0,8,0,22,22,22,3,4,19,37,3,No,0,0.36,0.44,0,No,No,No,Yes,No
1196,3382966,0,2,0,0,0,0,3,10,15,16,0,No,0,0.99,0.94,0,No,No,No,Yes,No
1197,3383014,284,12,0,628,628,628,149,498,700,1033,253,No,0,0.73,0.79,0,No,No,No,Yes,No
1198,3383025,2,12,0,23,35,44,6,11,24,34,11,No,0,0.77,0.75,0,No,No,No,Yes,No
1199,3383209,-101,8,0,317,317,317,0,0,0,0,2,No,0,-99,0.5,101,No,No,No,Yes,No
1200,3383270,11,8,0,242,242,332,41,107,214,319,34,No,0,0.25,0.26,2,No,No,No,Yes,No
1201,3383546,8,2,0,0,10,10,2,6,13,17,0,No,0,0.9,0.93,0,No,No,No,Yes,No
1202,3383693,95,4,0,180,360,360,20,132,176,246,33,No,0,0.67,0.69,0,No,No,No,Yes,No
1203,3383842,0,2,1,774,1194,1194,0,1,1,1,107,No,0,0.89,0.92,0,No,No,No,Yes,No
1204,3383860,0,2,0,18,36,36,1,3,6,6,1,No,0,0.84,0.55,1,Yes,No,No,No,No
1205,3383871,0,5,0,33,52,52,0,0,0,0,0,No,0,0.65,0.71,0,Yes,No,Yes,Yes,No
1206,3383929,0,8,0,4,7,9,1,4,5,8,0,No,0,0,0,0,No,No,No,Yes,No
1207,3384077,3,2,0,4,6,10,0,2,8,13,1,No,0,0.9,0.85,0,No,No,No,Yes,No
1208,3384379,0,4,0,6,9,12,0,0,0,0,0,No,0,0.54,0.48,0,No,No,Yes,Yes,No
1209,3384487,5,8,0,30,38,46,6,13,18,34,3,No,0,0.8,0.79,0,No,No,No,Yes,No
1210,3384622,0,2,0,2,3,4,1,2,2,2,0,No,0,0.82,0.81,0,No,No,No,Yes,No
1211,3384641,-1,,0,0,0,0,0,1,7,13,2,No,0,-99,-99,0,No,No,No,No,No
1212,3384721,11,8,0,75,75,150,8,21,43,71,13,No,0,0.9,0.92,0,No,No,No,Yes,No
1213,3384729,18,8,0,20,60,80,6,23,52,100,1,No,0,0.89,0.9,0,No,No,No,Yes,No
1214,3384777,3,2,2,17,34,50,3,5,5,5,0,No,0,0.57,0.56,0,No,No,No,Yes,No
1215,3384782,0,12,0,0,0,0,0,0,0,0,0,No,0,0.73,0.79,0,No,No,Yes,Yes,No
1216,3384800,10,2,0,0,7,7,13,47,47,49,0,No,0,0.99,0.99,0,Yes,No,Yes,Yes,No
1217,3384866,18,9,10,0,0,0,33,39,53,60,0,No,0,0.94,0.83,0,No,No,No,Yes,No
1218,3385066,0,8,0,9,18,27,2,12,23,28,4,No,0,0.88,0.92,0,No,No,No,Yes,No
1219,3385372,0,10,0,0,0,0,0,0,0,0,0,No,0,0.89,0.9,0,No,No,Yes,Yes,No
1220,3385543,30,2,0,0,0,0,2,8,18,37,2,No,0,0.74,0.77,0,Yes,No,Yes,Yes,No
1221,3385553,0,12,0,5,5,5,0,0,0,0,0,No,0,0.57,0.68,0,Yes,No,No,Yes,No
1222,3385566,3,2,0,3,6,9,0,0,8,9,0,No,0,0.76,0.85,0,No,No,No,Yes,No
1223,3385784,2,12,0,3,5,5,8,27,32,32,0,No,0,0.73,0.79,0,No,No,No,Yes,No
1224,3385790,20,2,0,0,10,12,0,1,1,1,0,No,0,0.98,0.93,0,Yes,No,Yes,Yes,No
1225,3385953,2,8,0,73,104,135,3,15,53,80,10,No,0,0.97,0.96,0,No,No,No,Yes,No
1226,3385978,0,8,0,3,5,8,3,8,12,18,3,No,0,1,1,0,No,No,No,Yes,No
1227,3386034,0,2,0,31,31,31,0,0,0,0,1,No,0,0.49,0.55,0,Yes,No,No,Yes,No
1228,3386043,0,2,0,3,3,3,0,0,0,0,0,No,0,0,0,0,Yes,No,Yes,Yes,No
1229,3386058,5,2,0,956,1912,2390,4,9,16,16,0,No,0,0.89,0.95,0,Yes,No,No,Yes,No
1230,3386242,4,8,0,22,35,52,5,16,42,51,0,No,0,0.85,0.84,0,No,No,No,Yes,No
1231,3386283,0,10,0,2,3,4,0,2,2,3,1,No,0,0.89,0.9,0,No,No,No,Yes,No
1232,3386379,13,8,0,32,64,64,6,21,48,111,2,No,0,0.38,0.51,0,No,No,Yes,Yes,No
1233,3386474,4,8,0,3,6,9,3,8,8,11,0,No,0,0.66,0.64,0,No,No,No,Yes,No
1234,3386623,0,8,0,2,3,3,0,3,4,4,0,No,0,0.83,0.85,0,No,No,No,Yes,No
1235,3386671,0,2,0,20,20,20,0,0,1,1,2,No,0,0.72,0.85,0,Yes,No,No,Yes,No
1236,3386681,2,2,0,2,4,5,1,2,3,4,0,No,0,-99,-99,0,No,No,Yes,Yes,No
1237,3386693,4,2,0,0,0,0,1,1,3,3,0,No,0,0.98,0.98,0,No,No,No,Yes,No
1238,3386714,2,2,0,43,43,43,2,5,5,6,0,No,0,0.7,0.73,0,Yes,No,No,Yes,No
1239,3387432,-571,12,0,4879,7585,10455,1054,4036,6414,8493,574,No,0,0.94,0.88,611,No,No,No,Yes,No
1240,3387435,1,8,0,21,36,36,13,32,69,118,0,No,0,1,1,0,No,No,No,Yes,No
1241,3387447,13,2,0,47,65,89,8,33,57,68,6,No,0,0.68,0.68,0,No,No,No,Yes,No
1242,3387456,4,2,0,0,5,5,2,4,5,5,0,No,0,0.98,0.99,0,No,No,No,Yes,No
1243,3387497,1,12,0,4,10,16,3,11,16,18,0,No,0,0.99,0.99,0,No,No,No,Yes,No
1244,3387516,14,8,1,135,198,261,21,58,130,213,36,No,0,0.81,0.58,0,No,No,No,Yes,No
1245,3387526,1,2,0,1,3,4,1,2,4,4,1,No,0,0.96,0.98,0,No,No,No,Yes,No
1246,3387624,0,12,0,5,5,5,0,0,0,0,0,No,0,0.97,0.98,0,Yes,No,No,Yes,No
1247,3387629,19,2,0,0,0,0,1,2,5,5,0,No,0,0.99,0.99,0,Yes,No,No,Yes,No
1248,3387755,3,12,0,25,25,25,30,40,50,67,15,No,0,0.77,0.73,0,No,No,No,Yes,No
1249,3388385,0,0,0,7,11,15,0,4,6,10,1,No,0,0,0,0,No,No,No,No,No
1250,3388485,2,10,0,36,36,54,8,25,46,62,6,No,0,0.77,0.84,0,No,No,No,Yes,No
1251,3388505,0,8,0,4,5,7,2,6,6,6,1,No,0,0.85,0.92,0,No,No,No,Yes,No
1252,3388587,1,2,0,2,2,2,0,0,1,1,0,No,0,0.37,0.34,0,Yes,No,Yes,Yes,No
1253,3388697,31,2,0,0,30,30,10,27,28,29,3,No,0,0.99,0.98,0,Yes,No,No,Yes,No
1254,3388782,7,8,6,56,56,84,8,26,50,77,6,No,0,0.69,0.67,0,No,No,Yes,Yes,No
1255,3388825,1,8,0,5,8,9,2,5,14,19,6,No,0,-99,0,0,No,No,No,Yes,No
1256,3388865,0,3,0,128,377,568,0,1,3,3,11,No,0,0.61,0.69,0,No,No,Yes,Yes,No
1257,3388940,6,8,0,55,90,160,12,40,89,123,22,No,0,0.98,0.97,0,No,No,No,Yes,No
1258,3388946,1,8,0,326,326,326,18,59,141,219,26,No,0,0.22,0.16,0,No,No,No,Yes,No
1259,3389038,6,8,0,3,3,9,1,2,11,22,0,No,0,0.99,0.99,0,No,No,Yes,Yes,No
1260,3389146,229,8,0,318,390,534,65,202,326,549,0,No,0,0.69,0.67,0,No,No,No,Yes,No
1261,3389149,0,12,0,3,3,3,0,0,0,0,0,No,0,0.73,0.79,0,No,No,Yes,Yes,No
1262,3389204,0,8,0,3,3,3,0,0,0,0,0,No,0,0.14,0.12,0,No,No,Yes,Yes,No
1263,3389226,0,12,0,6,9,12,0,4,6,8,0,No,0,0.73,0.79,0,No,No,No,Yes,No
1264,3389307,0,0,0,6,9,12,0,1,8,10,1,No,0,0,0,0,No,No,No,Yes,No
1265,3389362,3,2,0,0,1,2,0,2,4,4,0,No,0,0.97,0.93,0,No,No,No,Yes,No
1266,3389443,54,8,0,0,25,50,10,33,55,105,1,No,0,0.34,0.34,0,No,No,Yes,Yes,No
1267,3389476,12,8,0,10,30,58,6,18,32,72,0,No,0,0.83,0.86,0,No,No,No,Yes,No
1268,3389508,0,12,0,24,36,48,0,0,0,0,0,No,0,0.68,0.49,3,No,No,No,Yes,No
1269,3389627,0,2,0,5,5,5,0,0,0,0,0,No,0,0,0,0,No,No,No,Yes,No
1270,3389898,2,8,0,16,24,40,3,17,34,43,0,No,0,0.87,0.91,0,No,No,No,Yes,No
1271,3390016,0,8,0,3,4,5,1,3,4,5,0,No,0,0.82,0.84,0,No,No,No,Yes,No
1272,3390085,0,12,0,3,3,3,0,0,2,2,0,No,0,0.57,0.68,0,No,No,No,Yes,No
1273,3390171,18,2,0,15,33,60,5,44,76,88,10,No,0,0.92,0.75,0,No,No,No,Yes,No
1274,3390178,1,2,0,4,6,8,1,4,6,7,0,No,0,0.82,0.81,0,No,No,No,Yes,No
1275,3390211,0,2,0,10,10,10,0,0,0,0,0,No,0,0.9,0.93,0,Yes,No,No,Yes,No
1276,3390265,0,2,0,7,13,20,0,1,1,3,0,No,0,0.84,0.87,0,No,No,Yes,Yes,No
1277,3390302,0,12,0,0,0,0,0,0,0,0,1,No,0,0.11,0.13,0,No,No,No,Yes,No
1278,3390420,5,2,12,0,0,0,3,5,5,15,0,No,0,0.69,0.74,0,Yes,No,No,Yes,No
1279,3390634,6,8,0,0,0,0,2,7,8,12,1,No,0,0.79,0.66,0,No,No,Yes,Yes,No
1280,3390699,7,12,0,0,0,0,2,3,5,12,1,No,0,0.73,0.79,0,No,No,Yes,Yes,No
1281,3390800,0,8,0,5,5,6,0,3,5,6,1,No,0,0.18,0.1,0,No,No,No,Yes,No
1282,3390977,2,4,0,42,63,91,12,22,30,31,0,No,0,0.95,0.77,0,Yes,No,No,Yes,No
1283,3391064,4,8,0,5,7,8,3,15,25,37,7,No,0,0.97,0.98,0,No,No,No,Yes,No
1284,3391080,10,2,0,14,28,42,8,19,34,51,3,No,0,0.91,0.94,0,No,No,Yes,Yes,No
1285,3391102,-1,8,0,3,4,4,1,1,2,2,0,No,0,0.85,0.64,1,No,No,Yes,Yes,No
1286,3391140,5,2,0,0,10,10,2,9,11,13,0,No,0,0.53,0.53,0,No,No,Yes,Yes,No
1287,3391142,2,3,2,54,74,104,10,30,59,90,23,No,0,0.41,0.46,0,No,No,No,Yes,No
1288,3391160,6,2,0,10,10,20,6,11,22,32,0,No,0,0.48,0.57,0,No,No,No,Yes,No
1289,3391257,330,2,122,840,1530,2310,276,1028,1632,2160,172,No,0,0.98,0.98,0,No,No,No,Yes,No
1290,3391456,0,2,0,208,352,484,0,0,0,0,39,No,0,0.96,0.96,0,No,No,No,Yes,No
1291,3391572,1,2,0,0,0,0,0,0,0,0,0,No,0,0.37,0.34,0,No,No,No,Yes,No
1292,3391782,19,12,10,32,70,89,24,53,96,171,29,No,0,0.73,0.79,0,No,No,No,Yes,No
1293,3391829,0,8,0,10,10,10,0,0,0,0,0,No,0,1,0.98,0,No,No,No,Yes,No
1294,3391933,1,2,0,2,4,6,1,4,4,5,0,No,0,0.83,0.69,0,No,No,No,Yes,No
1295,3392003,17,2,0,16,32,48,8,18,39,59,6,No,0,0.99,0.99,0,No,No,No,Yes,No
1296,3392234,2,12,0,0,0,0,0,0,0,0,0,No,0,0.57,0.68,0,No,No,No,Yes,No
1297,3392349,4,12,0,4,8,12,4,11,15,26,0,No,0,0.73,0.79,0,No,No,No,Yes,No
1298,3392366,95,8,0,0,0,24,2,26,123,128,0,No,0,0.83,0.6,0,No,No,No,Yes,No
1299,3392371,0,4,0,10,10,10,0,0,0,1,0,No,0,0.73,0.78,0,No,No,No,Yes,No
1300,3392472,1,8,0,11,15,17,4,8,10,13,1,No,0,0.25,0.16,0,No,No,No,Yes,No
1301,3392557,3,2,0,0,0,0,12,25,60,79,0,No,0,0.81,0.91,0,No,No,No,Yes,No
1302,3392883,1,2,2,1,1,1,5,7,8,9,0,No,0,0.78,0.75,0,Yes,No,No,Yes,No
1303,3392897,1,8,0,99,135,180,15,46,99,143,21,No,0,0.18,0.33,1,No,No,No,Yes,No
1304,3392920,2,12,0,0,0,1,0,1,1,1,0,No,0,0.99,0.98,0,No,No,No,Yes,No
1305,3393060,7,2,4,18,36,57,6,20,53,66,0,No,0,1,1,0,No,No,No,Yes,No
1306,3393084,1,2,1,2,4,6,0,2,4,6,0,No,0,0.79,0.87,0,No,No,No,Yes,No
1307,3393257,4,8,0,20,20,40,6,14,26,43,0,No,0,0.82,0.9,0,No,No,No,Yes,No
1308,3393315,1,12,0,4,6,6,0,0,0,3,0,No,0,0.73,0.79,0,No,No,No,Yes,No
1309,3393320,0,2,0,4,4,4,0,0,0,0,0,No,0,0.84,0.87,0,No,No,Yes,Yes,No
1310,3393323,0,2,2,0,0,0,0,0,0,0,0,No,0,0.79,0.87,0,Yes,No,No,Yes,No
1311,3393328,0,2,0,35,56,63,7,7,7,7,0,No,0,0.73,0.7,5,Yes,No,No,Yes,No
1312,3393373,0,8,0,6,6,8,1,4,6,8,0,No,0,0,0,0,No,No,No,Yes,No
1313,3393583,1,8,0,0,0,0,0,0,0,0,0,No,0,0.97,0.96,0,No,No,No,Yes,No
1314,3393652,0,8,0,17,17,17,0,0,1,1,0,No,0,0.93,0.89,0,No,No,No,Yes,No
1315,3393694,17,8,0,33,33,66,6,21,46,72,6,No,0,0.37,0.74,0,No,No,No,Yes,No
1316,3393741,3,9,0,26,41,56,3,30,44,69,0,No,0,0.98,0.98,0,No,No,No,Yes,No
1317,3393816,9,2,0,0,0,0,1,1,3,5,0,No,0,0.82,0.81,0,No,No,No,Yes,No
1318,3393894,0,8,0,10,15,20,2,9,13,20,2,No,0,0.82,0.81,0,No,No,No,Yes,No
1319,3393963,9,2,0,20,40,60,9,23,45,53,0,No,0,0.94,0.8,0,No,No,No,Yes,No
1320,3394230,0,2,0,14,14,14,0,0,0,0,1,No,0,0.85,0.83,0,Yes,No,No,Yes,No
1321,3394261,0,2,0,30,30,30,0,1,1,1,0,No,0,0.99,0.96,0,Yes,No,No,Yes,No
1322,3394363,0,8,0,2,2,3,0,1,1,1,1,No,0,0.86,0.77,0,No,No,No,Yes,No
1323,3394415,3,2,0,5,5,10,6,8,16,22,0,No,0,0.54,0.61,0,No,No,No,Yes,No
1324,3394828,3,8,0,13,13,13,1,6,9,10,0,No,0,0.99,0.98,0,No,No,No,Yes,No
1325,3394874,0,8,2,23,43,49,5,16,35,63,3,No,0,0.89,0.94,2,No,No,No,Yes,No
1326,3394912,6,4,0,0,0,0,2,11,19,27,0,No,0,0.89,0.9,0,No,No,No,Yes,No
1327,3394937,1,3,0,2,3,4,0,1,2,3,0,No,0,0.89,0.9,0,No,No,No,Yes,No
1328,3395031,0,8,0,45,77,109,2,21,39,45,7,No,0,0.98,0.99,0,No,No,No,Yes,No
1329,3395212,20,2,12,68,100,124,75,198,359,362,45,No,0,0.71,0.8,3,No,No,No,Yes,No
1330,3395217,3,2,0,5,10,16,0,3,3,3,2,No,0,0.83,0.85,0,No,No,No,Yes,No
1331,3395487,33,2,0,60,120,240,16,81,188,306,4,No,0,0.89,0.94,0,No,No,No,Yes,No
1332,3395517,12,8,0,9,18,27,16,32,65,92,10,No,0,0.94,0.8,0,No,No,No,Yes,No
1333,3395601,5,8,0,20,40,50,7,21,50,73,8,No,0,0.99,0.98,0,No,No,Yes,Yes,No
1334,3395603,3,9,0,4,4,8,2,7,16,30,2,No,0,0.98,0.98,0,No,No,No,Yes,No
1335,3395618,8,8,0,0,0,2,1,4,8,11,5,No,0,0.95,0.77,0,No,No,No,Yes,No
1336,3395666,0,8,0,5,8,8,0,6,11,15,0,No,0,0.4,0.41,0,No,No,No,Yes,No
1337,3395866,5,4,0,12,24,36,3,10,20,29,1,No,0,1,0.93,0,No,No,No,Yes,No
1338,3395927,0,2,0,14,28,42,0,0,0,0,0,No,0,0.9,0.93,0,No,No,No,Yes,No
1339,3396166,1,8,0,41,41,54,10,25,41,59,0,No,0,0.77,0.76,0,No,No,No,Yes,No
1340,3396684,3,8,0,27,51,83,5,19,36,51,5,No,0,0.52,0.67,0,No,No,No,Yes,No
1341,3396812,6,2,0,0,10,10,2,4,6,8,1,No,0,0.65,0.51,0,Yes,No,No,Yes,No
1342,3396890,8,8,0,8,23,42,4,13,30,41,0,No,0,0.7,0.73,0,No,No,No,Yes,No
1343,3396898,0,4,0,4,7,9,0,3,6,6,0,No,0,0.79,0.66,0,No,No,No,Yes,No
1344,3397123,1,8,0,29,29,29,0,1,2,3,0,No,0,0.5,0.52,0,Yes,No,No,No,No
1345,3397307,0,2,0,18,27,36,4,13,22,26,0,No,0,0.83,0.86,0,No,No,No,Yes,No
1346,3397333,0,,0,0,0,0,18,53,94,124,21,No,0,-99,-99,0,No,No,No,No,No
1347,3397543,0,8,0,288,400,512,0,0,0,0,49,No,0,0.73,0.7,0,No,No,Yes,Yes,No
1348,3397569,42,8,0,241,445,632,61,216,391,416,0,No,0,0.7,0.73,0,No,No,No,Yes,No
1349,3397573,5,2,0,0,0,0,5,8,12,13,0,No,0,0.78,0.75,0,Yes,No,No,Yes,No
1350,3397679,8,3,1,127,215,293,33,94,165,226,20,No,0,0.41,0.46,0,No,No,No,Yes,No
1351,3397704,0,12,0,2,2,3,2,3,3,3,0,No,0,0.73,0.79,0,No,No,No,Yes,No
1352,3397739,33,2,3,350,350,350,27,80,115,183,22,No,0,0.5,0.52,0,Yes,No,Yes,No,No
1353,3397752,2,12,0,66,108,144,12,43,83,113,0,No,0,0.07,0.19,0,No,No,No,Yes,No
1354,3397783,0,2,0,7,7,7,0,0,0,0,1,No,0,0.91,0.93,0,Yes,No,No,Yes,No
1355,3397793,2,2,2,4,8,14,2,5,8,16,0,No,0,0.97,0.93,0,No,No,No,Yes,No
1356,3397826,0,12,0,7,9,13,5,11,19,25,0,No,0,0.73,0.79,0,No,No,No,Yes,No
1357,3397831,30,2,0,8,32,56,11,42,68,79,0,No,0,0.89,0.86,0,No,No,No,Yes,No
1358,3397861,2,8,0,15,30,30,0,5,11,16,0,No,0,0.53,0.54,0,No,No,Yes,Yes,No
1359,3397896,3,9,0,0,2,4,0,2,4,5,0,No,0,0.7,0.66,0,No,No,No,Yes,No
1360,3397979,0,4,0,1,1,1,0,0,0,0,0,No,0,0.7,0.66,0,No,No,No,Yes,No
1361,3398006,0,2,0,34,52,55,0,0,0,0,1,No,0,0.98,0.99,0,No,No,No,Yes,No
1362,3398009,1,2,0,5,6,6,2,2,3,3,0,No,0,0.75,0.54,0,No,No,No,Yes,No
1363,3398418,4,2,0,0,2,4,0,2,4,4,0,No,0,0.99,0.99,0,No,No,No,Yes,No
1364,3398427,0,8,0,2,3,3,1,2,2,3,1,No,0,0.79,0.86,0,No,No,No,Yes,No
1365,3398498,8,8,0,9,21,33,4,17,31,47,0,No,0,0.97,0.92,0,No,No,No,Yes,No
1366,3398539,9,8,0,15,29,43,3,17,38,73,4,No,0,1,0.93,0,No,No,No,Yes,No
1367,3398698,2,8,0,5,7,11,1,6,13,15,0,No,0,0.37,0.34,0,No,No,No,Yes,No
1368,3398898,0,2,0,38,38,38,0,0,0,0,1,No,0,0.77,0.79,0,Yes,No,No,Yes,No
1369,3398908,6,2,0,20,20,20,3,13,20,22,0,No,0,0.71,0.63,0,No,No,No,Yes,No
1370,3398940,2,12,0,46,70,106,12,16,17,19,0,No,0,0.73,0.79,0,No,No,No,Yes,No
1371,3398956,0,2,0,6,8,8,0,0,0,0,1,No,0,0.54,0.56,0,Yes,No,No,Yes,No
1372,3399147,3,8,0,21,43,54,0,10,20,32,5,No,0,0.83,0.8,0,No,No,Yes,Yes,No
1373,3399227,0,,0,52,52,52,0,0,0,0,0,No,0,-99,-99,0,Yes,No,No,Yes,No
1374,3399445,72,8,4,232,552,848,136,403,728,987,89,No,0,0.97,0.98,0,No,No,No,Yes,No
1375,3399545,1,8,0,12,26,30,1,14,21,32,0,No,0,0.82,0.9,0,No,No,No,Yes,No
1376,3399589,11,8,0,11,33,44,5,12,33,62,0,No,0,0.48,0.36,0,No,No,No,Yes,No
1377,3399690,13,2,0,7,21,36,8,25,28,29,0,No,0,1,0.95,0,No,No,No,Yes,No
1378,3399801,8,8,0,0,1,3,1,3,7,17,0,No,0,0.9,0.94,0,No,No,No,Yes,No
1379,3399894,0,4,0,3,3,3,0,0,0,0,0,No,0,0.89,0.9,0,Yes,No,No,Yes,No
1380,3400361,4,2,0,0,0,0,1,2,5,8,0,No,0,0.99,0.99,0,No,No,No,Yes,No
1381,3400434,0,8,0,21,25,33,1,7,9,13,5,No,0,0.97,0.96,0,No,No,No,Yes,No
1382,3400487,13,8,0,24,72,96,10,29,68,109,0,No,0,0.99,0.99,0,No,No,No,Yes,No
1383,3400592,5,8,0,26,32,50,7,15,19,22,4,No,0,0.53,0.53,0,No,No,Yes,Yes,No
1384,3400686,2,8,0,2,4,6,2,4,6,11,0,No,0,1,0.98,0,No,No,No,Yes,No
1385,3400796,2,8,0,1,13,22,2,17,36,52,54,No,0,0.56,0.68,0,No,No,No,Yes,No
1386,3400846,0,10,0,4,4,4,0,0,0,0,0,No,0,0.89,0.9,0,No,No,No,Yes,No
1387,3400872,0,2,0,2,7,7,0,0,0,0,0,No,0,0.82,0.81,0,No,No,Yes,Yes,No
1388,3400928,0,9,0,2,2,3,1,1,2,5,0,No,0,0.99,0.99,0,No,No,No,Yes,No
1389,3400980,4,2,0,213,213,213,11,36,98,140,6,No,0,0,0,0,No,No,No,Yes,No
1390,3400986,1,12,0,12,16,24,2,12,18,28,0,No,0,0.57,0.68,0,No,No,No,Yes,No
1391,3401064,30,8,0,26,50,68,11,20,42,84,44,No,0,0.9,0.92,0,No,No,No,Yes,No
1392,3401140,211,12,0,0,1000,1000,10,60,180,275,64,No,0,0.98,0.96,0,No,No,No,Yes,No
1393,3401176,-8,12,0,0,0,0,4,11,41,77,2,No,0,0.68,0.68,0,No,No,Yes,Yes,No
1394,3401220,2,8,0,12,12,24,4,16,26,32,0,No,0,0.13,0.17,0,No,No,No,Yes,No
1395,3401532,8,8,0,20,40,40,9,19,30,104,5,No,0,0.89,0.95,0,No,No,No,Yes,No
1396,3401542,0,8,0,15,25,35,4,10,19,27,0,No,0,0.82,0.81,0,No,No,No,Yes,No
1397,3401845,0,2,0,10,13,16,0,3,6,6,0,No,0,0.24,0.22,0,Yes,No,No,Yes,No
1398,3401861,0,8,0,12,21,21,0,0,0,0,0,No,0,0.92,0.91,0,Yes,No,Yes,Yes,No
1399,3401864,0,3,0,16,16,16,0,1,1,2,0,No,0,0.41,0.46,0,Yes,No,Yes,Yes,No
1400,3402031,-294,,0,0,0,0,142,301,945,2094,238,No,0,-99,-99,0,No,No,No,No,No
1401,3402033,7,8,3,85,142,203,16,56,113,168,14,No,0,0.99,0.98,1,No,No,Yes,Yes,No
1402,3402086,1,8,0,12,16,22,0,8,13,18,0,No,0,0.19,0.49,0,No,No,No,Yes,No
1403,3402312,5,8,0,3,7,9,2,8,11,20,0,No,0,0.95,0.77,0,No,No,No,Yes,No
1404,3402388,5,8,0,0,4,4,3,4,8,10,0,No,0,0.49,0.57,0,No,No,Yes,Yes,No
1405,3402639,0,,0,0,0,0,2,2,2,2,1,No,0,-99,-99,0,No,No,No,Yes,No
1406,3402768,0,2,0,18,18,18,0,0,0,0,1,No,0,0.88,0.91,0,Yes,No,Yes,Yes,No
1407,3402804,0,5,0,33,52,52,0,0,0,0,0,No,0,0.65,0.71,0,Yes,No,Yes,Yes,No
1408,3403144,8,8,0,13,25,49,4,22,41,53,0,No,0,0.99,0.99,0,No,No,No,Yes,No
1409,3403176,10,12,0,15,15,15,13,21,40,64,0,No,0,0.77,0.73,3,No,No,No,Yes,No
1410,3403310,1,8,0,1,2,3,0,1,1,1,0,No,0,0.96,0.88,0,No,No,No,Yes,No
1411,3403333,9,4,0,10,20,40,10,20,36,52,0,No,0,0.57,0.68,0,No,No,No,Yes,No
1412,3403419,0,2,0,4,4,4,0,2,3,3,0,No,0,0.5,0.5,2,No,No,No,Yes,No
1413,3403440,0,8,0,10,12,16,0,4,5,8,0,No,0,0.82,0.81,0,No,No,No,Yes,No
1414,3403596,26,2,0,0,0,0,8,15,48,64,0,No,0,0.97,0.96,0,No,No,No,Yes,No
1415,3403746,0,8,0,3,5,6,0,0,1,2,0,No,0,0.18,0.1,0,No,No,Yes,Yes,No
1416,3403981,1,9,0,2,4,6,1,2,4,6,1,No,0,0.96,0.97,0,No,No,Yes,Yes,No
1417,3404014,1,8,0,7,12,17,4,10,22,29,0,No,0,0.98,0.99,0,No,No,No,Yes,No
1418,3404149,0,9,0,7,7,7,0,2,6,10,2,No,0,0.7,0.66,0,No,No,No,Yes,No
1419,3404368,16,2,0,12,24,48,4,14,33,49,1,No,0,1,0.95,0,No,No,No,Yes,No
1420,3404380,0,2,0,0,0,0,0,0,0,0,0,No,0,0.53,0.53,0,No,No,No,Yes,No
1421,3404411,4,2,0,0,0,0,1,1,5,8,2,No,0,1,0.99,0,No,No,No,Yes,No
1422,3404623,0,2,0,41,41,41,0,0,0,0,1,No,0,0.34,0.51,0,Yes,No,Yes,Yes,No
1423,3404811,5,8,0,0,3,5,3,4,13,26,8,No,0,0.87,0.91,0,No,No,No,Yes,No
1424,3404884,5,2,10,10,20,40,3,18,22,22,0,No,0,1,0.99,0,No,No,No,Yes,No
1425,3404978,24,8,0,24,24,24,6,24,32,46,1,No,0,0.89,0.9,0,No,No,No,Yes,No
1426,3405205,3,2,0,10,15,15,4,9,12,28,0,No,0,0.97,0.97,0,No,No,No,Yes,No
1427,3405277,0,2,0,10,15,20,2,4,9,13,0,No,0,0.97,0.93,0,No,No,No,Yes,No
1428,3405469,1,8,0,1,2,3,1,1,2,4,0,No,0,0.77,0.71,0,No,No,No,Yes,No
1429,3405501,10,8,0,0,0,0,0,1,3,5,0,No,0,1,1,0,No,No,No,Yes,No
1430,3405593,3,2,0,0,0,2,1,1,1,1,0,No,0,0.46,0.25,0,No,No,No,Yes,No
1431,3405623,7,8,0,23,45,56,7,19,43,58,2,No,0,0.83,0.7,0,No,No,No,Yes,No
1432,3405814,-2,8,0,1000,1000,1000,0,25,26,35,3,No,0,-99,-99,2,No,No,No,Yes,No
1433,3405858,0,2,0,6,6,6,0,0,0,0,0,No,0,0.97,0.95,0,Yes,No,No,Yes,No
1434,3405859,21,12,0,50,90,145,17,45,52,53,0,No,0,0.53,0.55,0,No,No,No,Yes,No
1435,3405897,0,8,0,24,24,24,0,0,7,12,1,No,0,0.13,0.17,0,No,No,No,Yes,No
1436,3405916,150,8,28,537,807,1077,151,407,723,1082,144,No,0,0.53,0.54,0,No,No,No,Yes,No
1437,3406532,0,2,0,91,121,121,0,0,0,0,7,No,0,0.78,0.9,0,No,No,Yes,Yes,No
1438,3406474,1,8,0,0,0,0,1,1,1,1,0,No,0,0.82,0.89,0,No,No,No,Yes,No
1439,3406500,0,8,0,4,4,4,0,2,4,4,0,No,0,0.37,0.34,0,No,No,No,Yes,No
1440,3406750,24,2,0,0,0,0,0,0,0,0,1,No,0,0.79,0.71,0,Yes,No,No,Yes,No
1441,3406768,1,2,0,55,108,154,20,63,117,161,0,No,0,0.99,0.99,0,No,No,No,Yes,No
1442,3406825,1,9,0,6,9,12,3,9,12,15,0,No,0,0.99,0.99,0,No,No,No,Yes,No
1443,3406834,20,8,0,160,240,320,41,90,125,163,15,No,0,0.97,0.96,0,No,No,No,Yes,No
1444,3406960,24,9,0,0,0,0,0,0,0,4,1,No,0,0.98,0.98,0,No,No,No,Yes,No
1445,3407042,1,2,0,3,5,7,2,7,7,7,0,No,0,1,1,0,No,No,No,Yes,No
1446,3407043,7,8,0,32,32,32,4,12,26,41,0,No,0,0.81,0.78,0,No,No,No,Yes,No
1447,3407156,0,0,0,5,9,11,3,6,8,9,1,No,0,0,0,0,No,No,Yes,Yes,No
1448,3407281,2,3,0,30,30,30,6,9,9,9,0,No,0,0.41,0.46,0,Yes,No,No,Yes,No
1449,3407358,3,2,0,0,0,0,4,5,13,23,0,No,0,0.97,0.96,0,No,No,No,Yes,No
1450,3407405,1,4,0,7,7,7,2,4,4,4,0,No,0,0.79,0.66,0,No,No,No,Yes,No
1451,3407407,0,8,0,750,1246,1550,0,0,0,0,105,No,0,0.97,0.98,0,Yes,No,Yes,No,No
1452,3407410,2,2,0,60,60,60,0,2,3,3,0,No,0,0.85,0.72,0,Yes,No,No,Yes,No
1453,3407425,4,2,0,1,3,3,0,0,0,0,1,No,0,0.97,0.96,0,Yes,No,Yes,Yes,No
1454,3407460,3,0,0,18,18,18,3,7,16,23,1,No,0,0,0,0,No,No,No,No,No
1455,3407490,-160,5,4,448,514,580,101,261,501,762,521,No,0,0.73,0.7,159,No,No,No,Yes,No
1456,3407864,15,12,0,17,47,71,2,15,35,64,5,No,0,0.73,0.79,0,No,No,Yes,Yes,No
1457,3408175,6,12,0,24,39,57,10,28,39,48,0,No,0,0.69,0.72,0,No,No,No,Yes,No
1458,3408207,3,8,0,4,12,20,2,4,7,7,0,No,0,0.9,0.9,0,No,No,No,Yes,No
1459,3408237,3,2,0,3,7,10,4,7,14,19,0,No,0,0.99,0.98,0,No,No,No,Yes,No
1460,3408246,0,8,0,6,8,11,1,4,10,13,0,No,0,0.37,0.34,0,No,No,No,Yes,No
1461,3408249,1,8,7,0,4,8,4,10,16,22,2,No,0,0.46,0.65,0,No,No,No,Yes,No
1462,3408346,8,8,0,54,81,135,5,26,61,112,0,No,0,0.96,0.9,0,No,No,No,Yes,No
1463,3408387,18,3,0,48,72,96,27,58,65,66,9,No,0,0.41,0.46,0,Yes,No,Yes,Yes,No
1464,3408406,2,0,0,10,10,10,1,7,9,9,1,No,0,0,0,0,Yes,No,No,Yes,No
1465,3408531,32,4,0,5,40,80,16,41,104,140,0,No,0,0.87,0.91,0,No,No,No,Yes,No
1466,3408768,6,12,10,17,41,61,7,30,41,59,15,No,0,0.93,0.95,0,No,No,No,Yes,No
1467,3408830,3,9,0,6,12,18,8,12,17,21,1,No,0,0.99,0.99,0,No,No,No,Yes,No
1468,3408834,5,2,0,4,8,12,1,4,8,12,0,No,0,0.13,0.17,0,No,No,No,Yes,No
1469,3408927,-14,,0,117,117,117,17,44,80,80,2,No,0,-99,-99,14,No,No,No,Yes,No
1470,3408968,2,9,0,1,2,4,1,2,3,4,0,No,0,0.99,0.99,0,No,No,No,Yes,No
1471,3408990,12,2,0,24,60,100,16,41,103,140,0,No,0,0.97,0.96,0,No,No,No,Yes,No
1472,3409066,9,8,0,0,0,0,5,10,17,32,0,No,0,0.37,0.34,0,No,No,No,Yes,No
1473,3409072,6,2,0,0,40,40,2,6,10,15,0,No,0,0.99,0.99,0,No,No,No,Yes,No
1474,3409181,6,2,0,5,15,20,2,4,13,28,0,No,0,0.97,0.93,0,No,No,No,Yes,No
1475,3409185,7,2,0,8,24,40,1,14,28,32,0,No,0,0.73,0.76,0,No,No,No,Yes,No
1476,3409347,21,2,0,0,6,15,5,12,29,29,3,No,0,0.92,0.9,0,Yes,No,No,Yes,No
1477,3409350,26,2,0,60,60,60,15,25,28,30,2,No,0,0.82,0.68,0,Yes,No,No,Yes,No
1478,3409353,11,2,0,120,220,340,22,64,111,121,0,No,0,0.33,0.32,0,Yes,No,No,Yes,No
1479,3409531,5,8,0,51,79,108,23,29,72,88,0,No,0,0.79,0.66,0,No,No,No,Yes,No
1480,3409543,1,8,0,9,15,21,1,6,12,17,2,No,0,0.74,0.58,0,No,No,No,Yes,No
1481,3410202,2,8,0,3,9,15,2,3,9,14,2,No,0,0.96,0.88,0,No,No,No,Yes,No
1482,3410269,0,4,0,1,1,2,0,0,0,0,0,No,0,0.57,0.68,0,No,No,No,Yes,No
1483,3410275,0,12,0,0,0,0,0,0,0,0,0,No,0,0.73,0.79,0,No,No,No,Yes,No
1484,3410291,0,2,0,0,10,10,1,1,1,1,0,No,0,0.82,0.81,0,No,No,Yes,Yes,No
1485,3410356,5,9,2,0,1,3,0,0,4,8,0,No,0,0.85,0.82,0,No,No,No,Yes,No
1486,3410493,0,8,0,14,19,29,1,6,11,17,1,No,0,0.98,0.99,0,No,No,No,Yes,No
1487,3410706,3,12,0,13,23,35,3,15,24,32,2,No,0,0.91,0.7,0,No,No,No,Yes,No
1488,3410908,1,8,0,8,16,24,3,12,20,31,2,No,0,0.98,0.95,0,No,No,No,Yes,No
1489,3411046,2,2,0,8,12,16,6,10,13,21,0,No,0,0.37,0.34,0,No,No,No,Yes,No
1490,3411204,0,12,0,3,4,5,2,2,4,7,0,No,0,0.73,0.79,0,No,No,No,Yes,No
1491,3411227,13,,0,0,0,0,0,5,5,5,0,No,0,-99,-99,0,No,No,No,Yes,No
1492,3411237,4,8,0,100,100,100,9,22,43,74,0,No,0,0,0,0,No,No,No,Yes,No
1493,3411387,4,8,0,9,17,25,2,12,19,28,0,No,0,1,0.92,0,No,No,No,Yes,No
1494,3411524,9,9,0,0,0,0,3,8,14,20,0,No,0,0.94,0.83,0,No,No,No,Yes,No
1495,3411589,2,8,0,0,0,1,0,0,2,2,5,No,0,0.98,0.99,0,No,No,Yes,Yes,No
1496,3411747,4,8,0,1,3,4,1,2,6,10,0,No,0,0.37,0.34,0,No,No,No,Yes,No
1497,3411839,21,12,0,78,138,218,21,64,91,130,16,No,0,0.73,0.79,0,No,No,No,Yes,No
1498,3411840,-3,0,0,49,77,105,7,27,51,89,4,No,0,0,0,3,No,No,No,No,No
1499,3411885,0,12,0,5,7,9,0,3,4,4,0,No,0,0.57,0.68,0,No,No,No,Yes,No
1500,3411894,13,2,0,20,30,40,11,30,44,57,3,No,0,0.47,0.44,0,No,No,No,Yes,No
1501,3412000,1,2,0,2,3,4,2,3,3,5,1,No,0,0.13,0.15,0,No,No,No,Yes,No
1502,3412454,0,8,0,32,138,201,0,0,0,0,0,No,0,0.73,0.7,0,No,No,No,Yes,No
1503,3412595,0,8,0,20,20,20,5,10,17,28,3,No,0,0,0.07,0,No,No,No,Yes,No
1504,3412782,3,2,0,10,10,10,0,3,3,6,0,No,0,0.99,0.99,0,No,No,No,Yes,No
1505,3412934,0,12,0,4,6,7,1,4,8,11,0,No,0,0.73,0.79,0,No,No,No,Yes,No
1506,3413127,6,4,0,5,11,17,4,9,11,13,0,No,0,0.7,0.66,0,Yes,No,No,Yes,No
1507,3413203,39,8,0,0,12,12,0,9,35,70,14,No,0,0.99,0.99,0,No,No,No,Yes,No
1508,3413863,0,9,0,5,5,5,0,0,0,0,0,No,0,0.7,0.66,0,No,No,No,Yes,No
1509,3413867,3,,0,3,3,4,6,6,10,10,2,No,0,-99,-99,0,No,No,No,Yes,No
1510,3413905,16,3,0,0,0,0,1,1,28,34,0,No,0,0.89,0.9,0,No,No,No,Yes,No
1511,3414042,0,2,0,12,12,12,2,2,2,2,1,No,0,0.37,0.33,0,No,No,No,Yes,No
1512,3414079,0,,0,0,0,0,1,1,1,1,1,No,0,-99,-99,1,No,No,No,Yes,No
1513,3414083,0,2,0,0,0,0,0,0,0,0,0,No,0,0.54,0.56,0,No,No,No,Yes,No
1514,3414084,48,2,24,404,646,910,179,474,478,488,123,No,0,0.84,0.87,2,No,No,Yes,Yes,No
1515,3414387,-1,8,0,3,7,10,1,4,6,9,1,No,0,0.99,0.96,0,No,No,No,Yes,No
1516,3414698,0,12,0,29,49,61,5,13,27,39,9,No,0,0.99,0.99,0,No,No,No,Yes,No
1517,3414713,25,8,0,30,60,60,16,59,110,148,5,No,0,0.85,0.8,0,No,No,No,Yes,No
1518,3414835,8,2,0,16,28,44,3,23,28,28,0,No,0,1,0.99,0,No,No,No,Yes,No
1519,3414984,3,8,0,26,45,55,0,10,14,32,0,No,0,0.7,0.71,0,No,No,No,Yes,No
1520,3415035,0,,0,4,5,5,0,0,0,0,0,No,0,-99,-99,0,No,No,No,Yes,No
1521,3415049,1,2,0,2,2,2,0,0,0,0,0,No,0,0.38,0.38,0,No,No,Yes,Yes,No
1522,3415071,6,2,0,0,0,0,4,4,4,5,0,No,0,1,0.99,0,Yes,No,Yes,Yes,No
1523,3415121,0,8,0,2,3,4,0,1,2,2,0,No,0,0,0,0,No,No,No,Yes,No
1524,3415227,-3,8,0,23,46,46,7,15,25,35,5,No,0,0.79,0.66,3,No,No,No,Yes,No
1525,3415256,0,8,0,2,2,3,0,0,1,1,0,No,0,0,0,0,No,No,No,Yes,No
1526,3415278,0,12,0,2,3,4,3,3,5,7,1,No,0,0.73,0.79,0,No,No,No,Yes,No
1527,3415329,0,2,0,800,800,800,0,0,0,0,321,No,0,0.97,0.96,0,No,No,No,Yes,No
1528,3415356,1,8,0,25,41,53,3,15,24,26,0,No,0,0.51,0.31,0,No,No,No,Yes,No
1529,3415528,0,8,0,14,14,14,0,0,7,7,0,No,0,0.88,0.91,5,No,No,Yes,Yes,No
1530,3415548,2,8,0,64,96,128,14,70,119,195,24,No,0,0.81,0.91,0,No,No,No,Yes,No
1531,3415568,5,8,0,27,45,63,4,19,23,28,3,No,0,0.54,0.61,0,No,No,No,Yes,No
1532,3415827,3,2,0,3,6,12,1,6,8,9,0,No,0,0.92,0.92,0,No,No,No,Yes,No
1533,3415870,10,3,0,48,84,120,10,21,35,35,6,No,0,0.75,0.66,0,No,No,No,Yes,No
1534,3415937,2,2,0,0,0,0,0,0,0,2,0,No,0,0.99,0.99,0,No,No,No,Yes,No
1535,3415972,0,2,0,365,653,845,0,0,0,0,25,No,0,0.97,0.97,0,No,No,No,Yes,No
1536,3415993,0,8,0,6,6,6,3,6,9,15,0,No,0,0.37,0.34,0,No,No,No,Yes,No
1537,3416342,16,2,0,23,69,92,12,31,61,82,0,No,0,0.79,0.87,0,No,No,No,Yes,No
1538,3416367,-5,8,0,50,50,50,4,6,18,32,0,No,0,0.83,0.86,5,No,No,No,Yes,No
1539,3416540,1,8,0,5,8,10,0,3,6,6,0,No,0,0.66,0.67,0,No,No,No,Yes,No
1540,3416543,9,8,0,16,24,32,3,15,26,36,0,No,0,0.78,0.75,0,No,No,No,Yes,No
1541,3416570,12,8,0,17,32,32,2,8,23,40,22,No,0,0,0,0,No,No,No,Yes,No
1542,3416601,14,8,6,89,166,239,34,146,221,302,23,No,0,0.73,0.7,1,No,No,Yes,Yes,No
1543,3416623,1,12,0,8,8,16,2,9,17,23,0,No,0,0.46,0.4,0,No,No,No,Yes,No
1544,3416686,5,2,7,0,0,0,0,1,2,2,1,No,0,-99,-99,0,Yes,No,No,Yes,No
1545,3416692,1,9,1,1,3,5,1,2,4,7,0,No,0,0.54,0.48,0,No,No,No,Yes,No
1546,3416750,66,2,0,0,0,0,5,11,16,27,0,No,0,1,0.98,0,No,No,No,Yes,No
1547,3416820,0,12,2,0,0,0,0,0,0,0,0,No,0,0.57,0.68,0,No,No,No,Yes,No
1548,3417047,0,2,0,3,3,3,0,0,0,0,0,No,0,0,0,0,Yes,No,Yes,Yes,No
1549,3417277,2,8,0,2,4,6,1,4,4,6,4,No,0,0.98,0.94,0,No,No,No,Yes,No
1550,3417451,2,8,2,10,20,26,4,10,26,43,4,No,0,0.88,0.68,0,No,No,Yes,Yes,No
1551,3417482,1,8,0,5,7,8,0,2,9,13,0,No,0,0.95,0.77,0,No,No,No,Yes,No
1552,3417510,327,2,142,5426,5426,5426,346,973,1699,2403,195,No,0,0.5,0.52,0,Yes,No,Yes,No,No
1553,3417730,0,2,0,52,92,142,12,35,86,135,0,No,0,0.9,0.95,0,No,No,Yes,Yes,No
1554,3417740,5,3,0,8,16,16,3,6,11,17,0,No,0,0.98,0.98,0,No,No,No,Yes,No
1555,3417857,1,2,0,1,1,2,1,10,10,11,3,No,0,1,0.99,0,No,No,No,No,No
1556,3417859,5,8,0,4,8,12,1,5,8,15,0,No,0,0.61,0.62,0,No,No,No,Yes,No
1557,3417887,1,12,0,32,32,48,0,2,15,24,0,No,0,0.73,0.79,0,No,No,No,Yes,No
1558,3417977,0,2,0,14,20,26,0,4,5,5,0,No,0,0.88,0.83,0,Yes,No,Yes,Yes,No
1559,3418403,7,8,9,30,66,99,13,35,77,103,21,No,0,0.96,0.88,0,No,No,No,Yes,No
1560,3418422,38,,0,0,0,0,3,213,303,343,28,No,0,-99,-99,0,No,No,No,No,No
1561,3418453,0,12,0,35,53,62,4,4,6,8,13,No,0,0.73,0.7,5,No,No,No,Yes,No
1562,3418554,2,8,0,1,2,3,0,1,1,3,0,No,0,0.99,0.98,0,No,No,No,Yes,No
1563,3418704,0,8,0,6,9,12,1,5,7,11,2,No,0,0.92,0.87,0,No,No,No,Yes,No
1564,3418911,10,12,0,4,12,37,17,17,17,17,0,No,0,0.73,0.79,0,No,No,No,Yes,No
1565,3418928,0,2,0,11,11,11,0,0,0,0,1,No,0,0.12,0.1,0,Yes,No,Yes,Yes,No
1566,3418930,4,2,1,0,0,0,0,0,2,2,0,No,0,0.54,0.56,0,Yes,No,No,Yes,No
1567,3418964,6,12,0,0,3,6,1,3,6,6,4,No,0,0.73,0.79,0,No,No,No,Yes,No
1568,3418991,3,8,0,15,30,45,7,15,29,48,0,No,0,0.84,0.8,0,No,No,No,Yes,No
1569,3419335,0,8,0,10,10,10,0,1,4,9,0,No,0,0.87,0.88,0,No,No,Yes,Yes,No
1570,3419472,8,8,0,0,0,2,1,3,5,8,0,No,0,0.89,0.9,0,No,No,No,Yes,No
1571,3420131,21,8,0,1000,1000,1000,11,124,160,222,33,No,0,0,0,0,No,No,No,Yes,No
1572,3420133,30,5,3,144,293,403,20,104,322,524,26,No,0,0.75,0.67,1,No,No,No,Yes,No
1573,3420162,22,4,0,0,28,56,14,41,71,96,0,No,0,0.97,0.98,0,No,No,No,Yes,No
1574,3420165,68,8,0,70,140,210,10,66,148,195,0,No,0,0.79,0.71,0,No,No,No,Yes,No
1575,3420170,10,2,0,0,2,4,0,4,7,8,1,No,0,-99,-99,0,No,No,No,Yes,No
1576,3420378,0,12,0,2,2,2,0,0,0,0,0,No,0,0.94,0.87,0,No,No,Yes,Yes,No
1577,3420420,0,12,0,2,3,5,0,2,2,2,0,No,0,0.73,0.79,0,No,No,No,Yes,No
1578,3420431,3,8,0,9,16,24,0,5,13,21,0,No,0,0.18,0.33,0,No,No,No,Yes,No
1579,3420578,0,4,0,44,90,136,11,28,53,74,2,No,0,0.97,0.94,0,No,No,No,Yes,No
1580,3420586,12,12,8,340,508,720,73,251,419,599,50,No,0,0.57,0.68,6,No,No,No,Yes,No
1581,3420743,2,8,0,5,8,10,1,3,5,10,1,No,0,0.85,0.92,0,No,No,Yes,Yes,No
1582,3420799,37,2,25,70,150,250,22,54,65,67,10,No,0,0.91,0.95,0,No,No,No,Yes,No
1583,3420802,0,9,0,5,5,5,0,0,0,0,0,No,0,0.7,0.66,0,No,No,No,Yes,No
1584,3420809,3,2,9,30,70,120,11,32,38,38,0,No,0,0.98,0.99,0,No,No,No,Yes,No
1585,3420810,37,2,24,0,48,96,33,86,93,96,34,No,0,1,0.99,0,Yes,No,No,Yes,No
1586,3420822,0,8,0,2,2,2,0,0,0,0,0,No,0,0.37,0.34,0,No,No,Yes,Yes,No
1587,3420895,7,8,0,0,2,8,0,7,14,18,1,No,0,1,1,0,No,No,No,Yes,No
1588,3421030,-3,8,0,118,184,256,17,75,133,168,34,No,0,0.74,0.57,4,No,No,Yes,Yes,No
1589,3421215,0,8,0,30,30,60,4,15,26,53,0,No,0,0.9,0.94,0,No,No,No,Yes,No
1590,3421321,0,8,0,10,10,10,0,7,8,9,0,No,0,0.18,0.33,0,No,No,No,Yes,No
1591,3421430,2,2,0,0,0,10,0,0,1,1,0,No,0,0.9,0.93,0,No,No,No,Yes,No
1592,3421467,-1,2,0,20,30,30,5,11,13,13,0,No,0,0.46,0.65,1,Yes,No,Yes,Yes,No
1593,3421541,0,12,0,2,2,2,0,0,0,0,0,No,0,0.57,0.68,0,No,No,No,Yes,No
1594,3421581,0,8,0,8,8,8,2,3,3,6,0,No,0,0.53,0.53,0,No,No,Yes,Yes,No
1595,3421590,0,9,1,14,19,24,4,8,13,16,0,No,0,0.7,0.66,0,No,No,No,Yes,No
1596,3421642,0,12,0,16,16,20,1,5,12,21,0,No,0,0.46,0.4,0,No,No,No,Yes,No
1597,3421644,9,9,0,8,24,32,5,13,23,33,3,No,0,1,1,0,No,No,No,Yes,No
1598,3421663,0,16,0,3,3,3,0,0,1,1,0,No,0,0.31,0.4,0,No,No,No,Yes,No
1599,3421665,32,11,0,25,25,54,1,7,53,177,4,No,0,0.85,0.8,0,No,No,No,Yes,No
1600,3421768,0,8,0,5,5,5,0,0,0,0,0,No,0,0.37,0.34,0,No,No,No,Yes,No
1601,3421776,0,2,0,120,160,200,0,0,0,0,16,No,0,-99,-99,0,No,No,No,Yes,No
1602,3422092,12,8,17,21,49,77,15,43,75,115,3,No,0,0.95,0.89,0,No,No,No,Yes,No
1603,3422130,17,8,0,9,18,29,9,21,51,76,10,No,0,0.87,0.9,0,No,No,No,Yes,No
1604,3422162,0,8,0,7,12,17,1,6,9,16,2,No,0,1,0.99,0,No,No,No,Yes,No
1605,3422268,27,8,12,35,57,90,22,49,72,91,16,No,0,0.97,0.96,0,No,No,No,Yes,No
1606,3422511,1,2,0,0,0,0,0,1,1,1,0,No,0,0.53,0.53,0,No,No,Yes,Yes,No
1607,3422663,2,8,0,88,112,142,5,25,84,137,40,No,0,0.34,0.3,0,No,No,No,Yes,No
1608,3422800,1,8,0,3,6,8,3,4,7,9,0,No,0,0.18,0.33,0,No,No,No,Yes,No
1609,3422836,-5,52,0,48,48,48,0,0,0,0,0,No,0,0.66,0.64,5,Yes,No,No,No,No
1610,3423002,6,2,0,600,600,600,0,0,0,0,0,No,0,0.64,0.62,0,Yes,No,No,Yes,No
1611,3423401,5,3,0,5,15,20,2,13,21,28,0,No,0,0.99,0.99,0,No,No,No,Yes,No
1612,3423561,11,17,6,12,21,30,2,9,18,39,4,No,0,1,1,0,No,No,Yes,Yes,No
1613,3423575,13,8,0,30,59,88,10,33,58,77,0,No,0,0.99,0.98,0,No,No,No,Yes,No
1614,3423667,0,8,0,489,880,1040,0,0,0,0,43,No,0,0.73,0.7,0,No,No,No,Yes,No
1615,3423770,23,8,0,0,11,22,117,494,999,1587,2,No,0,0.84,0.82,0,No,No,No,Yes,No
1616,3424184,-2,8,0,3,3,3,0,7,8,9,1,No,0,0.99,0.98,2,No,No,No,Yes,No
1617,3424429,4,2,0,10,20,20,5,11,13,19,0,No,0,0.93,0.86,0,No,No,No,Yes,No
1618,3424452,23,12,0,36,108,144,7,33,55,85,13,No,0,0.89,0.93,0,No,No,No,Yes,No
1619,3424520,5,8,0,16,24,24,2,6,18,22,0,No,0,0.98,0.97,0,No,No,No,Yes,No
1620,3424626,0,2,0,3,3,3,0,0,0,0,0,No,0,0,0,0,Yes,No,Yes,Yes,No
1621,3424860,79,8,0,100,200,200,16,69,88,172,9,No,0,0.97,0.96,0,No,No,No,Yes,No
1622,3424878,-2567,3,0,15298,20320,25666,1294,25866,29300,38834,1225,No,0,0.92,0.96,2837,No,No,No,Yes,No
1623,3424920,3,2,0,2,6,8,0,2,7,10,0,No,0,1,1,0,No,No,No,Yes,No
1624,3424946,5,8,1,90,128,166,18,45,73,115,25,No,0,0.34,0.57,1,No,No,No,Yes,No
1625,3424953,11,8,0,37,111,148,8,35,63,97,1,No,0,0.93,0.92,0,No,No,No,Yes,No
1626,3425252,0,4,0,75,103,131,0,0,0,0,13,No,0,0.79,0.66,0,No,No,Yes,Yes,No
1627,3425520,0,12,0,5,7,7,0,0,0,0,0,No,0,0.73,0.79,0,Yes,No,No,Yes,No
1628,3425538,0,2,0,15,18,18,0,0,0,0,1,No,0,0.76,0.71,0,Yes,No,Yes,Yes,No
1629,3425621,9,9,0,0,0,0,3,3,7,13,0,No,0,0.7,0.66,0,No,No,No,Yes,No
1630,3425855,21,2,0,25,50,75,12,36,53,66,0,No,0,0.78,0.78,0,No,No,No,Yes,No
1631,3425964,1,8,0,6,9,9,2,5,8,13,0,No,0,0.52,0.67,0,No,No,No,Yes,No
1632,3426031,2,8,0,2,5,8,0,15,16,16,2,No,0,0.96,0.87,0,No,No,No,Yes,No
1633,3426092,0,8,0,61,109,157,5,34,94,141,0,No,0,0.22,0.5,0,No,No,No,Yes,No
1634,3426158,6,10,0,25,55,80,6,20,37,51,0,No,0,0.89,0.9,0,No,No,No,Yes,No
1635,3426218,16,8,0,28,41,67,11,29,63,82,5,No,0,1,0.97,0,No,No,No,Yes,No
1636,3426252,0,8,0,574,743,881,0,0,0,0,24,No,0,0.94,0.92,0,No,No,No,Yes,No
1637,3426491,1,2,0,9,14,19,7,14,17,18,0,No,0,0.75,0.54,0,No,No,No,Yes,No
1638,3426531,0,8,0,5,8,10,1,3,7,7,1,No,0,0.7,0.73,0,No,No,No,Yes,No
1639,3426558,0,9,0,143,188,234,0,0,0,0,11,No,0,0.85,0.82,0,Yes,No,No,No,No
1640,3426685,3,8,0,2,5,8,0,2,5,8,1,No,0,0.9,0.9,0,No,No,No,Yes,No
1641,3426708,-604,4,0,6000,10400,14800,1068,2232,5994,8788,448,No,0,0.98,0.96,423,No,No,No,Yes,No
1642,3426722,4,8,0,10,10,10,0,5,5,5,1,No,0,0.19,0.49,0,No,No,No,Yes,No
1643,3426810,39,8,0,353,453,553,41,127,300,490,148,No,0,0.53,0.44,2,No,No,No,Yes,No
1644,3426920,-2,8,0,57,81,102,20,44,52,69,6,No,0,0.91,0.85,2,No,No,No,Yes,No
1645,3427034,2,2,0,6,13,17,3,15,20,25,0,No,0,0.97,0.96,0,No,No,No,Yes,No
1646,3427095,2,2,0,2,6,16,4,11,22,25,0,No,0,1,0.99,0,No,No,No,Yes,No
1647,3427099,0,2,0,9,15,19,2,7,13,19,0,No,0,0.99,0.99,0,No,No,No,Yes,No
1648,3427149,4,2,0,0,0,0,1,4,4,4,0,No,0,0.95,0.96,0,Yes,No,No,Yes,No
1649,3427169,554,2,3,0,50,250,183,321,584,777,60,No,0,0.92,0.91,0,No,No,Yes,Yes,No
1650,3427222,5,2,0,36,36,72,14,29,40,53,3,No,0,0.89,0.89,0,No,No,No,Yes,No
1651,3427258,4,2,0,2,3,3,2,6,12,26,0,No,0,0.97,0.93,0,No,No,No,Yes,No
1652,3427376,1,8,0,4,6,9,3,5,10,12,2,No,0,0.91,0.93,0,No,No,No,Yes,No
1653,3427391,1,2,0,98,158,218,28,96,172,183,19,No,0,0.97,0.95,0,Yes,No,No,Yes,No
1654,3427436,5,2,0,1,1,1,3,3,3,3,1,No,0,0.85,0.83,0,No,No,No,Yes,No
1655,3427597,0,8,0,3,3,3,0,0,0,0,0,No,0,-99,0,0,No,No,No,Yes,No
1656,3427626,0,8,0,41,41,41,0,1,2,10,6,No,0,0.98,0.97,0,No,No,Yes,Yes,No
1657,3427915,0,2,0,4,4,4,0,0,0,0,0,No,0,0.37,0.34,0,Yes,No,Yes,Yes,No
1658,3428052,5,2,0,0,0,0,0,0,0,2,0,No,0,0.99,0.99,0,No,No,No,Yes,No
1659,3428090,7,2,0,6,18,30,12,25,52,68,2,No,0,0.94,0.96,0,No,No,No,Yes,No
1660,3428169,0,8,0,10,26,38,6,15,33,41,0,No,0,0.93,0.89,0,No,No,No,Yes,No
1661,3428286,0,8,0,3,6,8,1,3,3,5,1,No,0,1,0.99,0,No,No,No,Yes,No
1662,3428461,22,4,0,0,7,14,53,55,82,89,0,No,0,0.73,0.78,0,No,No,No,Yes,No
1663,3428478,2,2,1,1,3,5,0,3,3,5,1,No,0,0.44,0.54,0,No,No,No,Yes,No
1664,3428654,55,2,0,24,120,216,29,86,127,193,31,No,0,0.99,0.98,0,No,No,No,Yes,No
1665,3428684,3,2,0,27,38,49,10,24,33,50,0,No,0,0.95,0.91,0,No,No,No,Yes,No
1666,3428858,-1,9,0,18,25,39,1,8,18,23,0,No,0,0.7,0.66,1,No,No,No,Yes,No
1667,3429047,0,4,0,1,2,3,1,1,2,2,0,No,0,0.7,0.66,0,No,No,No,Yes,No
1668,3429140,6,8,0,5,12,12,6,12,21,28,0,No,0,0.37,0.34,0,No,No,No,Yes,No
1669,3429275,0,8,0,125,125,125,4,10,12,16,2,No,0,0.91,0.94,0,No,No,No,Yes,No
1670,3429418,2,12,0,0,0,0,1,1,1,3,1,No,0,0.73,0.79,0,No,No,No,Yes,No
1671,3429611,0,8,0,5,7,8,1,2,5,12,0,No,0,0.19,0.49,0,No,No,No,Yes,No
1672,3429739,3,8,0,3,3,3,2,7,15,20,6,No,0,0.99,0.97,0,No,No,No,Yes,No
1673,3429752,2,8,0,0,0,1,0,1,1,1,1,No,0,0.97,0.97,0,No,No,No,Yes,No
1674,3429936,4,8,1,9,22,31,8,26,40,55,0,No,0,0.96,0.96,0,No,No,No,Yes,No
1675,3430009,0,8,0,20,23,29,0,6,19,28,1,No,0,0.98,0.96,0,No,No,No,Yes,No
1676,3430028,3,3,0,3,6,9,1,9,14,22,0,No,0,0.89,0.9,0,No,No,No,Yes,No
1677,3430071,0,8,0,2,3,4,3,4,8,11,0,No,0,1,1,0,No,No,No,Yes,No
1678,3430114,0,8,0,30,50,60,13,24,45,56,0,No,0,0.87,0.91,0,No,No,No,Yes,No
1679,3430214,0,8,0,37,57,77,6,32,51,76,0,No,0,0.98,0.92,0,No,No,No,Yes,No
1680,3430603,17,8,0,1400,1400,1400,91,318,503,790,102,No,0,0,0,5,No,No,No,Yes,No
1681,3430618,16,4,0,48,96,144,19,41,52,56,8,No,0,0.98,0.98,0,Yes,No,No,Yes,No
1682,3430671,9,8,0,150,150,150,18,41,55,66,8,No,0,0.78,0.63,0,No,No,No,Yes,No
1683,3430816,6,12,0,60,105,148,13,67,130,155,13,No,0,0.77,0.75,0,No,No,No,Yes,No
1684,3430877,-7,8,150,224,352,544,40,604,743,875,72,No,0,0.82,0.91,7,No,No,No,Yes,No
1685,3430961,-1,2,0,9,13,17,10,14,30,37,0,No,0,0.91,0.95,1,No,No,No,Yes,No
1686,3431009,2,2,0,0,0,0,2,2,2,2,0,No,0,0.13,0.15,0,No,No,No,Yes,No
1687,3431012,0,3,0,0,0,0,0,1,1,1,0,No,0,0.99,0.99,0,No,No,No,Yes,No
1688,3431215,0,8,0,2,3,3,0,1,1,2,1,No,0,0.68,0.49,0,No,No,Yes,Yes,No
1689,3431282,0,2,0,47,53,56,0,0,0,0,0,No,0,0.92,0.83,0,No,No,Yes,Yes,No
1690,3431320,1,4,0,8,13,19,2,3,3,3,0,No,0,0.79,0.87,0,No,No,Yes,Yes,No
1691,3431338,0,2,0,6,8,8,0,0,0,0,0,No,0,0.37,0.34,0,No,No,No,Yes,No
1692,3431358,2,12,0,14,21,28,6,11,17,22,0,No,0,0.77,0.73,0,No,No,No,Yes,No
1693,3431443,26,2,0,27,54,81,9,36,62,89,0,No,0,0.87,0.91,0,No,No,No,Yes,No
1694,3431713,9,10,1,24,48,60,7,20,39,53,6,No,0,0.77,0.84,0,No,No,No,Yes,No
1695,3431766,3,8,1,2,3,6,0,3,4,8,3,No,0,0.84,0.82,0,No,No,No,Yes,No
1696,3431782,1,8,0,168,168,168,1,8,11,17,0,No,0,0.5,0.52,0,Yes,No,No,No,No
1697,3431978,5,8,0,9,21,36,11,18,24,30,0,No,0,0.68,0.49,0,No,No,No,Yes,No
1698,3431991,15,8,0,72,108,144,18,61,105,145,0,No,0,0.41,0.46,0,No,No,No,Yes,No
1699,3432216,60,8,11,138,258,390,47,163,281,391,41,No,0,0.41,0.46,0,No,No,Yes,Yes,No
1700,3432251,26,2,0,576,954,1350,81,241,443,533,122,No,0,0.94,0.95,0,No,No,No,Yes,No
1701,3432532,0,2,0,6,10,14,5,11,14,17,0,No,0,0.57,0.66,0,No,No,No,Yes,No
1702,3432533,12,2,0,0,0,0,0,2,6,6,0,No,0,0.79,0.71,0,No,No,No,Yes,No
1703,3432676,0,8,0,10,20,30,4,11,22,42,2,No,0,0.84,0.86,0,No,No,No,Yes,No
1704,3432901,42,2,0,72,144,234,20,96,211,272,0,No,0,1,1,0,No,No,No,Yes,No
1705,3432973,5,2,0,9,17,25,6,10,18,37,0,No,0,0.99,0.98,0,No,No,No,Yes,No
1706,3433017,1,2,0,4,7,11,1,2,5,5,1,No,0,0.86,0.91,0,No,No,No,Yes,No
1707,3433085,0,12,0,12,20,26,1,5,8,11,2,No,0,0.73,0.79,0,No,No,No,Yes,No
1708,3433171,3,2,0,30,45,60,11,21,34,54,4,No,0,1,1,0,No,No,No,Yes,No
1709,3433211,0,8,0,5,5,5,0,0,0,0,0,No,0,0.37,0.34,0,No,No,No,Yes,No
1710,3433486,0,9,2,53,73,93,12,52,108,142,0,No,0,0.94,0.83,0,No,No,No,Yes,No
1711,3433670,0,,0,0,22,32,2,7,14,23,2,No,0,-99,-99,0,Yes,No,No,Yes,No
1712,3433734,3,8,0,2,8,12,4,8,14,21,1,No,0,0.41,0.46,0,No,No,No,Yes,No
1713,3433743,1,8,0,0,1,2,1,1,2,2,0,No,0,0.78,0.71,0,No,No,No,Yes,No
1714,3433754,13,8,1,20,20,28,10,23,30,46,6,No,0,0.18,0.33,0,No,No,No,Yes,No
1715,3433829,4,8,0,10,20,30,4,13,18,31,0,No,0,0.98,0.98,0,No,No,No,Yes,No
1716,3433890,1,9,10,13,33,43,5,11,22,36,0,No,0,0.7,0.66,0,No,No,Yes,Yes,No
1717,3433939,0,2,0,18,18,18,0,2,6,6,1,No,0,0.18,0.33,0,Yes,No,No,Yes,No
1718,3434179,0,8,0,5,5,5,0,0,0,0,0,No,0,0.37,0.34,0,No,No,No,Yes,No
1719,3434242,20,8,0,400,400,600,161,239,420,597,74,No,0,0.1,0.1,0,No,No,No,Yes,No
1720,3434392,488,8,0,0,184,552,58,177,619,845,115,No,0,0.99,0.99,0,No,No,No,Yes,No
1721,3434417,45,8,17,160,240,240,84,156,208,238,112,No,0,0.98,0.97,1,No,No,No,Yes,No
1722,3434433,5,9,0,1,1,1,4,6,20,35,1,No,0,0.7,0.66,0,No,No,No,Yes,No
1723,3434445,22,2,0,4,14,22,6,15,22,26,2,No,0,0.85,0.74,0,Yes,No,No,Yes,No
1724,3434449,13,12,0,83,121,159,82,113,141,152,0,No,0,0.73,0.79,0,No,No,No,Yes,No
1725,3434590,-19,8,0,183,262,327,29,96,179,280,28,No,0,0.57,0.59,28,No,No,No,Yes,No
1726,3435005,1,8,0,0,1,2,0,1,1,1,1,No,0,0.82,0.84,0,No,No,No,Yes,No
1727,3435514,8,8,0,14,26,38,5,10,22,37,4,No,0,0.96,0.88,0,No,No,No,Yes,No
1728,3435635,1,8,0,3,5,6,1,2,4,5,0,No,0,0.82,0.81,0,No,No,No,Yes,No
1729,3435759,3,3,0,20,20,20,5,10,12,13,1,No,0,0.94,0.96,0,Yes,No,No,Yes,No
1730,3435826,96,2,12,324,702,1062,122,476,784,1119,23,No,0,-99,-99,0,No,No,No,Yes,No
1731,3435980,0,2,0,8,8,8,0,0,0,0,1,No,0,0.03,0.1,0,Yes,No,Yes,Yes,No
1732,3436033,-1,9,0,43,43,43,4,11,33,49,3,No,0,0.54,0.48,1,No,No,No,Yes,No
1733,3436042,10,12,0,0,5,10,9,10,23,31,0,No,0,0.73,0.79,0,No,No,No,Yes,No
1734,3436199,0,8,0,21,29,45,0,4,19,27,1,No,0,0.87,0.88,0,No,No,No,Yes,No
1735,3436217,8,4,0,14,42,70,5,17,53,73,0,No,0,0.79,0.66,0,No,No,No,Yes,No
1736,3436427,-27,12,3,186,348,463,11,68,371,493,29,No,0,0.18,0.38,31,No,No,Yes,Yes,No
1737,3436506,7,2,0,16,36,56,6,30,61,93,2,No,0,0.88,0.8,0,No,No,Yes,Yes,No
1738,3436535,0,,0,3,3,3,0,3,4,8,0,No,0,-99,-99,0,Yes,No,No,Yes,No
1739,3436685,11,2,0,25,25,50,6,9,17,34,0,No,0,0.56,0.68,0,Yes,No,No,Yes,No
1740,3436716,8,2,0,0,0,0,2,6,15,15,0,No,0,0.66,0.64,0,No,No,No,Yes,No
1741,3437189,9,12,4,48,84,124,10,39,68,91,0,No,0,0.53,0.55,0,No,No,No,Yes,No
1742,3437207,0,2,0,57,87,127,0,10,12,12,0,No,0,0.96,0.92,0,No,No,No,No,No
1743,3437218,0,2,0,46,69,92,8,28,42,60,3,No,0,0.91,0.94,0,No,No,Yes,Yes,No
1744,3437248,3,8,0,38,38,76,9,27,42,53,6,No,0,0.5,0.85,0,No,No,No,Yes,No
1745,3437322,2,8,2,10,18,24,3,7,14,15,2,No,0,0.77,0.76,0,No,No,No,Yes,No
1746,3437387,0,8,0,0,0,0,0,0,1,2,0,No,0,0.91,0.95,0,No,No,No,Yes,No
1747,3437442,55,12,0,231,348,465,30,183,356,532,0,No,0,0.07,0.19,0,No,No,No,Yes,No
1748,3437622,2,2,0,3,5,8,1,4,5,7,0,No,0,0.99,0.99,0,No,No,No,Yes,No
1749,3437698,0,2,0,16,16,16,0,2,5,7,1,No,0,0.82,0.81,0,No,No,No,Yes,No
1750,3437830,0,,0,4,5,5,0,0,0,0,0,No,0,-99,-99,0,No,No,No,Yes,No
1751,3437860,2,2,0,3,4,4,2,2,2,2,1,No,0,1,0.99,0,Yes,No,No,Yes,No
1752,3437939,44,12,0,70,112,154,12,43,85,136,12,No,0,0.7,0.76,0,No,No,Yes,Yes,No
1753,3438040,3,4,0,0,0,0,35,120,194,303,4,No,0,0.73,0.78,0,No,No,No,Yes,No
1754,3438149,2,9,0,1,2,4,1,2,3,3,0,No,0,0.7,0.66,0,No,No,Yes,Yes,No
1755,3438166,8,12,0,14,30,46,9,20,45,65,2,No,0,0.98,0.69,0,No,No,No,Yes,No
1756,3438497,2,9,0,4,12,16,4,6,9,15,0,No,0,0.93,0.89,0,No,No,No,Yes,No
1757,3438498,0,2,0,4,4,4,3,5,7,7,0,No,0,0.82,0.84,0,No,No,No,Yes,No
1758,3438570,23,8,1,116,200,288,14,67,150,221,23,No,0,0.91,0.93,0,No,No,Yes,Yes,No
1759,3438597,0,2,0,2,3,4,2,2,4,4,0,No,0,0.96,0.96,0,No,No,No,Yes,No
1760,3438789,0,2,0,4,4,4,3,5,6,6,0,No,0,0.9,0.93,0,Yes,No,Yes,Yes,No
1761,3439117,1,2,0,2,3,5,4,5,6,7,0,No,0,0.63,0.76,0,No,No,No,Yes,No
1762,3439279,-1,12,0,3,3,3,11,11,11,13,0,No,0,0.57,0.68,1,No,No,No,Yes,No
1763,3439522,5,2,0,1,1,1,0,0,0,0,1,No,0,0.74,0.75,0,Yes,No,No,Yes,No
1764,3439553,2,8,0,84,112,168,9,37,63,102,3,No,0,0.84,0.87,0,No,No,Yes,Yes,No
1765,3439558,0,8,0,20,30,40,6,10,22,38,0,No,0,0.99,0.94,0,No,No,No,Yes,No
1766,3439688,-1,2,0,606,1024,1512,84,85,85,93,107,No,0,0.7,0.71,1,No,No,No,Yes,No
1767,3440045,1,8,0,0,0,0,0,0,0,1,0,No,0,0.99,0.99,0,No,No,No,Yes,No
1768,3440117,-282,8,24,8508,12252,16464,2332,6102,10919,17101,1611,No,0,0.95,0.92,358,No,No,No,Yes,No
1769,3440172,5,8,14,800,1300,1800,204,638,1038,1529,169,No,0,0.41,0.46,26,No,No,Yes,Yes,No
1770,3440255,8,8,0,63,105,147,9,43,82,120,23,No,0,0.33,0.32,0,No,No,No,Yes,No
1771,3440296,4,8,0,41,78,118,6,18,27,40,0,No,0,0.96,0.96,0,No,No,No,Yes,No
1772,3440358,4,4,0,0,1,3,0,1,3,6,0,No,0,0.54,0.48,0,No,No,No,Yes,No
1773,3440381,0,8,0,36,63,63,0,0,0,0,0,No,0,0.94,0.95,0,No,No,No,Yes,No
1774,3440515,5,8,0,12,18,24,7,13,18,25,0,No,0,0.79,0.66,0,No,No,No,Yes,No
1775,3440548,0,12,0,0,0,0,0,1,1,1,0,No,0,0.73,0.79,0,No,No,No,Yes,No
1776,3440569,0,2,0,4,5,5,0,0,0,0,0,No,0,0.8,0.78,0,No,No,No,Yes,No
1777,3440595,0,12,0,2,3,4,2,3,5,5,0,No,0,0.77,0.73,0,No,No,No,Yes,No
1778,3440671,22,4,0,0,0,0,14,31,40,62,3,No,0,0.73,0.78,0,No,No,No,Yes,No
1779,3440776,20,8,20,40,80,120,8,44,76,108,0,No,0,0.89,0.92,0,No,No,No,Yes,No
1780,3440813,286,8,139,1047,1461,2151,361,911,1526,2108,192,No,0,0.99,0.99,1,No,No,No,Yes,No
1781,3441019,0,,0,0,0,0,11,30,44,55,10,No,0,-99,-99,0,No,No,No,No,No
1782,3441199,3,8,0,0,0,0,0,0,1,2,0,No,0,0.37,0.34,0,No,No,No,Yes,No
1783,3441475,4,2,0,5,10,10,4,6,10,10,0,No,0,0.37,0.14,0,Yes,No,No,Yes,No
1784,3441575,-4,9,0,5,5,5,5,5,5,6,3,No,0,0.7,0.66,4,No,No,Yes,Yes,No
1785,3441663,0,9,0,0,0,0,2,9,21,22,0,No,0,0.85,0.82,0,No,No,No,Yes,No
1786,3441934,3,8,0,11,19,29,3,9,13,18,3,No,0,0.71,0.51,0,No,No,No,Yes,No
1787,3442047,0,2,1,1,1,2,1,5,8,12,0,No,0,0.83,0.69,0,No,No,No,Yes,No
1788,3442164,4,8,0,0,1,3,0,1,4,4,0,No,0,0.83,0.85,0,No,No,No,Yes,No
1789,3442187,15,8,0,30,60,100,5,18,39,46,0,No,0,0.87,0.83,0,No,No,No,Yes,No
1790,3442323,0,2,0,25,25,25,0,4,10,10,1,No,0,0.9,0.93,0,Yes,No,No,Yes,No
1791,3442325,1,2,0,5,5,5,4,7,9,9,0,No,0,0.98,0.99,0,No,No,No,Yes,No
1792,3442335,0,8,0,5,6,6,0,0,0,0,0,No,0,0.37,0.34,0,No,No,No,Yes,No
1793,3442565,1,12,0,9,14,24,1,6,10,14,2,No,0,0.57,0.68,0,No,No,No,Yes,No
1794,3442566,-1,9,0,38,63,83,7,23,51,66,16,No,0,0.99,0.99,1,No,No,Yes,Yes,No
1795,3442761,-170,,1,0,0,0,72,191,356,509,44,No,0,-99,-99,0,No,No,No,No,No
1796,3442841,1,8,0,1,2,3,5,6,7,7,1,No,0,0.99,0.99,0,No,No,No,Yes,No
1797,3442950,1,8,0,48,72,96,12,28,54,90,7,No,0,0.75,0.7,0,No,No,No,Yes,No
1798,3443148,7,4,0,0,0,0,5,8,20,34,0,No,0,0.84,0.86,0,No,No,No,Yes,No
1799,3443202,1,9,0,1,1,2,0,2,2,2,0,No,0,0.7,0.66,0,No,No,No,Yes,No
1800,3443266,6,2,0,10,20,30,7,20,21,24,0,No,0,0.83,0.79,0,Yes,No,No,Yes,No
1801,3443288,3,2,0,0,0,0,0,5,5,9,2,No,0,0.99,0.91,0,Yes,No,No,Yes,No
1802,3443298,5,8,0,4,6,8,0,2,3,3,1,No,0,0.98,0.99,0,No,No,No,Yes,No
1803,3443320,0,8,0,66,110,165,19,51,84,127,0,No,0,0.97,0.96,0,No,No,No,Yes,No
1804,3443396,5,12,0,24,24,48,2,10,20,36,18,No,0,0.98,0.98,0,No,No,No,Yes,No
1805,3443438,0,2,0,6,6,6,0,0,0,0,0,No,0,0.7,0.73,0,Yes,No,Yes,Yes,No
1806,3443471,3,2,0,10,23,30,3,8,21,34,0,No,0,0.98,0.99,0,No,No,No,Yes,No
1807,3443498,0,2,0,46,66,106,0,0,0,0,0,No,0,0.82,0.81,0,No,No,No,Yes,No
1808,3443578,1,8,0,0,1,1,1,1,1,3,0,No,0,0.83,0.83,0,No,No,No,Yes,No
1809,3443635,0,8,0,8,14,20,1,4,10,11,0,No,0,0.86,0.91,0,No,No,No,Yes,No
1810,3443787,14,8,0,8,16,24,6,15,25,37,7,No,0,0.36,0.48,0,No,No,No,Yes,No
1811,3443934,1,2,0,20,40,64,2,9,17,28,0,No,0,0.66,0.67,0,No,No,No,Yes,No
1812,3443965,0,8,0,0,0,0,0,0,0,0,0,No,0,0.87,0.8,0,No,No,Yes,No,Yes
1813,3443980,13,9,1,6,18,38,8,19,35,55,1,No,0,0.7,0.66,0,No,No,No,Yes,No
1814,3443998,9,8,0,14,28,42,7,17,31,46,0,No,0,0.82,0.84,0,No,No,No,Yes,No
1815,3444075,0,8,0,4,8,9,1,12,18,23,0,No,0,0.82,0.81,0,No,No,No,Yes,No
1816,3444111,2,8,0,18,31,44,2,14,25,33,0,No,0,0.99,0.99,0,No,No,No,Yes,No
1817,3444172,21,8,0,247,407,577,70,203,371,550,33,No,0,-99,-99,0,No,No,No,Yes,No
1818,3444209,0,2,0,1,2,5,2,2,2,3,0,No,0,0.97,0.93,0,No,No,No,Yes,No
1819,3444306,6,3,0,35,59,91,16,35,65,77,0,No,0,0.61,0.69,0,Yes,No,No,Yes,No
1820,3444461,5,2,0,3,7,11,2,3,3,3,0,No,0,0.8,0.78,0,No,No,No,Yes,No
1821,3444485,4,8,0,10,10,20,4,9,13,20,2,No,0,0.84,0.86,0,No,No,No,Yes,No
1822,3444568,13,3,0,12,24,24,13,20,22,23,3,No,0,0.41,0.46,0,Yes,No,No,Yes,No
1823,3444725,266,4,128,16300,26068,36724,2180,8701,16459,25393,2011,No,0,0.97,0.98,47,No,No,No,Yes,No
1824,3444733,91,8,150,300,300,450,100,220,331,506,69,No,0,0.9,0.95,59,No,No,No,Yes,No
1825,3444892,0,8,0,2,2,2,0,0,0,0,0,No,0,0.75,0.76,0,No,No,Yes,Yes,No
1826,3445122,0,8,0,2,2,3,1,2,2,2,1,No,0,0.37,0.34,0,No,No,No,Yes,No
1827,3445224,16,4,0,12,12,36,9,21,38,57,0,No,0,0.7,0.66,0,No,No,No,Yes,No
1828,3445292,12,4,0,0,0,0,4,8,9,12,2,No,0,0.23,0.19,0,No,No,No,Yes,No
1829,3445338,9,8,0,0,5,16,2,9,21,33,1,No,0,0.97,0.92,0,No,No,No,Yes,No
1830,3445466,0,12,0,6,10,16,6,13,24,31,0,No,0,0.77,0.73,0,No,No,No,Yes,No
1831,3445475,1,8,0,1,2,3,0,1,2,2,0,No,0,0.82,0.81,0,No,No,No,Yes,No
1832,3445597,6,12,0,36,36,69,14,28,73,108,0,No,0,0.7,0.76,0,No,No,No,Yes,No
1833,3445704,7,3,0,3,3,3,0,0,0,0,3,No,0,0.87,0.79,0,No,No,No,Yes,No
1834,3445936,0,8,0,1,1,1,0,0,0,0,0,No,0,0.78,0.83,0,No,No,No,Yes,No
1835,3446068,6,8,0,20,37,58,4,14,47,68,0,No,0,0.89,0.82,0,No,No,No,Yes,No
1836,3446089,0,2,0,2,4,5,3,6,9,10,0,No,0,0.82,0.84,0,No,No,No,Yes,No
1837,3446091,3,9,0,23,41,56,6,21,39,66,0,No,0,1,0.99,0,No,No,No,Yes,No
1838,3446236,-13,8,0,112,112,122,0,44,67,88,3,No,0,0,0,13,No,No,No,Yes,No
1839,3446279,13,8,0,0,0,30,1,3,12,16,1,No,0,1,0.99,0,No,No,No,Yes,No
1840,3446381,0,2,1,5,9,13,2,7,7,7,0,No,0,0.97,0.93,0,No,No,No,Yes,No
1841,3446417,3,8,0,1,3,6,4,7,7,10,3,No,0,0.48,0.52,0,No,No,No,Yes,No
1842,3446628,0,2,0,160,160,160,0,0,0,0,2,No,0,0.64,0.62,0,Yes,No,No,Yes,No
1843,3446775,144,8,43,292,502,742,61,210,404,571,100,No,0,0.99,0.94,0,No,No,No,Yes,No
1844,3446873,4,12,0,5,11,17,1,8,19,23,0,No,0,0.73,0.79,0,No,No,No,Yes,No
1845,3446924,3,8,0,9,19,24,5,11,17,24,1,No,0,0.75,0.63,0,No,No,No,Yes,No
1846,3447076,2,4,0,4,8,12,2,5,7,12,0,No,0,0.7,0.66,0,No,No,No,Yes,No
1847,3447209,1,8,0,10,20,20,3,17,30,47,1,No,0,0.78,0.86,0,No,No,No,Yes,No
1848,3447257,0,8,0,6,6,6,0,0,0,2,0,No,0,0.37,0.34,0,No,No,No,Yes,No
1849,3447274,0,2,0,11,11,11,0,5,8,9,3,No,0,0.68,0.68,0,Yes,No,No,Yes,No
1850,3447277,5,2,0,38,57,76,10,15,15,15,8,No,0,0.73,0.7,0,No,No,No,Yes,No
1851,3447297,0,2,0,72,72,72,0,0,0,0,8,No,0,0.88,0.94,0,No,No,No,Yes,No
1852,3447404,6,8,0,40,46,55,7,26,53,79,6,No,0,-99,-99,0,No,No,No,Yes,No
1853,3447545,21,8,0,35,69,69,12,25,42,69,1,No,0,0.66,0.81,0,No,No,No,Yes,No
1854,3447588,0,2,0,4,4,4,0,0,0,0,0,No,0,0.75,0.5,0,Yes,No,No,Yes,No
1855,3447591,7,9,0,0,0,0,1,3,3,4,0,No,0,0.85,0.82,0,No,No,No,Yes,No
1856,3447592,5,2,0,0,0,0,18,34,40,41,0,No,0,0.95,0.91,0,Yes,No,No,Yes,No
1857,3447818,6,8,0,1,13,25,6,16,36,44,0,No,0,0.79,0.87,0,No,No,No,Yes,No
1858,3447824,-1,8,0,25,39,53,5,16,30,41,2,No,0,0.98,0.99,1,No,No,No,Yes,No
1859,3447841,1,8,0,5,5,5,0,5,9,12,1,No,0,0.18,0.33,0,No,No,No,Yes,No
1860,3447855,141,2,21,353,708,1109,129,406,616,861,103,No,0,0.98,0.92,0,No,No,No,Yes,No
1861,3447903,8,2,1,15,45,60,5,32,49,63,0,No,0,0.73,0.76,0,No,No,No,Yes,No
1862,3447928,21,8,6,441,729,1089,89,387,681,934,93,No,0,0.66,0.66,0,No,No,No,Yes,No
1863,3447944,0,4,0,14,22,30,2,20,38,62,0,No,0,0.79,0.87,0,No,No,Yes,Yes,No
1864,3447972,4,8,0,0,0,0,1,1,1,1,0,No,0,0.99,0.96,0,No,No,No,Yes,No
1865,3448010,367,4,88,1200,2220,3240,326,1672,2922,3898,287,No,0,0.88,0.91,0,No,No,No,Yes,No
1866,3448061,11,16,4,73,99,147,9,62,110,120,0,No,0,0.96,0.96,0,No,No,No,Yes,No
1867,3448073,2,0,0,3,5,7,0,2,4,4,1,No,0,0,0,0,No,No,No,Yes,No
1868,3448090,0,12,0,4,5,7,0,4,4,4,0,No,0,0.73,0.79,0,No,No,No,Yes,No
1869,3448096,1,12,0,310,310,310,27,51,286,290,5,No,0,0.99,0.99,0,No,No,No,Yes,No
1870,3448188,44,2,0,0,0,0,4,7,7,7,0,No,0,0.14,0.28,0,Yes,No,No,Yes,No
1871,3448196,9,9,0,0,0,0,3,9,20,22,0,No,0,0.58,0.45,0,Yes,No,No,Yes,No
1872,3448236,2,4,0,1,1,1,1,3,3,6,0,No,0,0.79,0.66,0,Yes,No,Yes,Yes,No
1873,3448319,-8,0,0,234,342,432,25,111,264,373,41,No,0,0,0,9,No,No,No,No,No
1874,3448543,3,2,0,6,12,12,2,9,10,14,0,No,0,0.94,0.96,0,No,No,Yes,Yes,No
1875,3448693,-3,12,10,37,37,47,17,43,90,94,4,No,0,0.77,0.73,13,No,No,No,Yes,No
1876,3448818,0,8,0,29,48,67,5,19,27,42,3,No,0,0.73,0.76,0,No,No,Yes,Yes,No
1877,3448826,8,8,0,50,50,50,3,11,33,41,0,No,0,0.57,0.42,0,No,No,Yes,Yes,No
1878,3448982,0,2,0,12,24,30,10,12,21,28,2,No,0,0.99,0.96,0,No,No,Yes,Yes,No
1879,3449121,0,9,2,4,6,8,0,2,5,8,1,No,0,0.99,0.99,0,No,No,No,Yes,No
1880,3449196,0,,0,0,0,0,1,1,1,1,0,No,0,-99,-99,0,No,No,Yes,Yes,No
1881,3449363,0,12,0,10,10,10,0,1,1,1,0,No,0,0,0.01,0,No,No,No,Yes,No
1882,3449455,6,8,0,8,16,24,7,25,39,54,3,No,0,0.04,0.06,0,No,No,Yes,Yes,No
1883,3449481,0,8,0,59,96,140,0,6,6,6,0,No,0,0.96,0.92,5,Yes,No,Yes,Yes,No
1884,3449504,1,,0,0,0,0,0,1,2,3,0,No,0,-99,-99,0,Yes,No,No,No,No
1885,3449514,50,8,4,1704,1704,1704,86,347,789,1259,142,No,0,0,0,8,No,No,No,Yes,No
1886,3449593,-1,8,0,12,15,18,2,7,12,20,0,No,0,0.52,0.67,1,No,No,No,Yes,No
1887,3449684,-3,9,0,68,68,74,0,8,36,45,1,No,0,0.7,0.66,3,No,No,No,Yes,No
1888,3449827,3,8,0,20,30,40,1,11,25,45,0,No,0,0.82,0.81,0,No,No,No,Yes,No
1889,3449949,6,12,0,24,48,72,3,14,27,47,1,No,0,0.69,0.72,0,No,No,No,Yes,No
1890,3449957,2,2,0,0,0,0,3,4,4,4,0,No,0,0.99,0.99,0,Yes,No,No,Yes,No
1891,3449958,1,2,0,11,17,24,3,10,19,20,0,No,0,0.99,0.99,0,Yes,No,No,Yes,No
1892,3449967,18,2,0,0,6,12,4,13,18,21,0,No,0,0.21,0.34,0,No,No,No,Yes,No
1893,3450009,-8,,0,0,0,0,10,52,116,156,24,No,0,-99,-99,0,No,No,Yes,No,No
1894,3450024,0,12,0,7,11,11,0,2,10,13,0,No,0,0.84,0.82,0,No,No,No,Yes,No
1895,3450163,6,2,0,0,0,0,2,16,16,18,0,No,0,0.96,0.96,0,Yes,No,No,Yes,No
1896,3450232,-336,16,4,2232,2952,4248,503,1894,2989,3708,95,No,0,0.15,0.29,412,No,No,No,Yes,No
1897,3450359,0,8,0,13,19,31,3,9,17,25,0,No,0,1,1,0,No,No,No,Yes,No
1898,3450393,5,8,0,17,27,47,11,29,52,75,0,No,0,0.95,0.95,0,No,No,No,Yes,No
1899,3450724,7,9,0,9,18,36,3,12,22,43,0,No,0,0.54,0.48,0,No,No,No,Yes,No
1900,3450866,10,2,0,79,103,127,29,50,64,86,5,No,0,0.22,0.31,0,Yes,No,No,Yes,No
1901,3450893,0,8,0,12,28,36,3,8,10,15,1,No,0,-99,-99,0,No,No,No,Yes,No
1902,3451063,10,2,10,25,58,88,7,31,60,99,0,No,0,0.97,0.97,0,No,No,No,Yes,No
1903,3451416,2,8,0,0,4,6,0,2,5,11,10,No,0,0.76,0.88,0,No,No,No,Yes,No
1904,3451427,9,52,0,1142,1142,1142,48,137,298,464,92,No,0,-99,1,1,Yes,No,Yes,No,No
1905,3451448,4,8,0,2,7,15,3,5,13,18,0,No,0,0.97,0.96,0,No,No,No,Yes,No
1906,3451464,2,8,0,1,2,4,2,3,4,4,0,No,0,0.74,0.73,0,No,No,No,Yes,No
1907,3451478,0,52,0,0,0,0,0,2,2,4,9,No,0,-99,0,1,Yes,No,No,No,No
1908,3451509,8,8,0,60,100,120,13,34,65,101,14,No,0,0.53,0.54,0,No,No,Yes,Yes,No
1909,3451734,13,12,0,8,19,30,6,16,20,28,0,No,0,0.96,0.97,0,No,No,No,Yes,No
1910,3451793,2,2,0,30,40,60,10,30,51,75,0,No,0,0.97,0.96,0,No,No,No,Yes,No
1911,3451911,6,8,0,6,6,13,7,11,18,26,0,No,0,0.91,0.95,0,No,No,No,Yes,No
1912,3451964,2,2,0,2,5,8,2,4,9,12,0,No,0,0.99,0.99,0,No,No,No,Yes,No
1913,3452026,5,2,0,0,0,0,2,3,4,4,0,No,0,0.95,0.96,0,Yes,No,No,Yes,No
1914,3452046,0,2,0,10,19,28,0,1,1,1,0,No,0,0.98,0.96,0,No,No,Yes,Yes,No
1915,3452077,1,12,0,2,3,5,1,2,3,4,1,No,0,0.77,0.73,0,No,No,No,Yes,No
1916,3452084,2,12,0,1,2,4,3,3,5,8,0,No,0,0.73,0.79,0,No,No,No,Yes,No
1917,3452148,0,12,0,5,5,5,0,0,0,0,0,No,0,0.48,0.48,0,Yes,No,No,Yes,No
1918,3452326,20,2,0,0,0,0,7,7,7,7,1,No,0,0.93,0.94,0,Yes,No,Yes,Yes,No
1919,3452376,1,4,0,1,2,3,1,2,2,2,2,No,0,0.96,0.89,0,No,No,No,Yes,No
1920,3452380,6,2,0,6,12,18,5,9,30,40,0,No,0,0.99,0.96,0,No,No,No,Yes,No
1921,3452608,-32,15,0,656,872,1160,99,324,629,947,80,No,0,0.06,0.09,46,No,No,No,Yes,No
1922,3452618,2,8,0,6,9,10,1,5,10,22,0,No,0,0.95,0.77,0,No,No,No,Yes,No
1923,3452702,7,2,2,39,63,79,8,15,32,48,6,No,0,0.58,0.38,0,No,No,No,Yes,No
1924,3452703,7,8,0,30,55,80,6,22,63,117,0,No,0,0.48,0.36,0,No,No,No,Yes,No
1925,3452747,0,2,0,3,3,3,2,3,5,10,0,No,0,0.92,0.75,0,No,No,No,Yes,No
1926,3452782,0,2,0,1,1,1,0,0,0,4,0,No,0,0.96,0.9,0,No,No,No,Yes,No
1927,3453005,4,10,0,0,0,0,0,0,0,0,0,No,0,0.77,0.84,0,Yes,No,No,Yes,No
1928,3453226,-16,12,7,1199,1699,2499,219,662,1329,1956,244,No,0,0.98,0.96,16,No,No,No,Yes,No
1929,3453553,0,8,0,3,5,7,0,4,5,5,1,No,0,0.67,0.42,0,No,No,Yes,Yes,No
1930,3453564,4,10,0,40,80,80,1,23,52,86,4,No,0,0.77,0.84,0,No,No,No,Yes,No
1931,3453608,5,8,0,0,0,0,6,14,22,36,0,No,0,0.96,0.97,0,No,No,No,Yes,No
1932,3453618,5,2,0,20,35,55,7,16,46,61,0,No,0,0.97,0.98,0,No,No,No,Yes,No
1933,3453635,21,2,0,0,0,0,0,0,0,0,0,No,0,0.83,0.85,0,No,No,No,Yes,No
1934,3454641,0,8,0,8,13,18,1,7,9,16,0,No,0,1,0.95,0,No,No,No,Yes,No
1935,3454751,0,2,0,8,8,8,0,0,0,0,1,No,0,0.99,0.98,0,No,No,No,Yes,No
1936,3454752,0,2,5,6,10,14,4,7,11,11,0,No,0,0.9,0.92,0,No,No,No,Yes,No
1937,3454878,13,2,0,0,0,0,2,2,2,2,0,No,0,0.21,0.34,0,No,No,No,Yes,No
1938,3454905,0,4,0,12,18,24,0,0,0,1,0,No,0,0.22,0.21,0,Yes,No,No,Yes,No
1939,3455670,0,12,0,0,0,0,0,1,1,1,0,No,0,0.73,0.79,0,No,No,No,Yes,No
1940,3455744,0,2,0,5,8,8,0,0,0,0,1,No,0,0.23,0.19,0,No,No,No,Yes,No
1941,3455825,23,2,0,90,108,144,9,66,98,125,6,No,0,0,0,0,Yes,No,Yes,Yes,No
1942,3455832,20,4,0,14,26,37,18,25,36,36,0,No,0,0.73,0.78,0,Yes,No,No,Yes,No
1943,3455865,7,2,0,0,0,0,5,19,30,30,0,No,0,0.98,0.98,0,No,No,No,Yes,No
1944,3455888,-1,5,12,0,2,2,0,2,2,2,0,No,0,0.5,0.5,1,Yes,No,No,Yes,No
1945,3455999,3,8,0,0,0,0,0,0,0,0,1,No,0,0.35,0.36,0,No,No,No,Yes,No
1946,3456399,3,2,0,2,5,7,1,5,6,7,3,No,0,1,1,0,No,No,No,Yes,No
1947,3456407,12,2,0,62,112,152,58,110,287,399,0,No,0,0.41,0.59,0,No,No,No,Yes,No
1948,3456585,2,8,0,6,12,12,3,5,8,11,0,No,0,0.82,0.91,0,No,No,No,Yes,No
1949,3456644,9,2,0,55,91,121,20,47,85,142,11,No,0,0.84,0.87,0,No,No,Yes,Yes,No
1950,3456649,2,2,0,0,0,0,0,0,0,5,0,No,0,0.98,0.99,0,No,No,No,Yes,No
1951,3456685,0,12,0,48,72,108,14,27,43,49,0,No,0,0.73,0.79,0,No,No,No,Yes,No
1952,3456768,4,12,0,2,2,3,1,2,7,9,1,No,0,0.73,0.79,0,No,No,No,Yes,No
1953,3456848,1,2,0,5,7,12,5,9,10,11,0,No,0,0.98,0.99,0,No,No,No,Yes,No
1954,3456874,0,2,0,1032,1788,2382,0,0,0,0,44,No,0,0.73,0.82,0,Yes,No,No,Yes,No
1955,3456992,2,8,0,5,9,13,2,5,6,10,0,No,0,1,0.92,0,No,No,No,Yes,No
1956,3456993,10,8,0,0,20,20,1,10,17,23,0,No,0,0.72,0.85,0,No,No,No,Yes,No
1957,3457180,1,8,0,35,71,99,1,11,46,77,6,No,0,0.87,0.82,0,No,No,No,Yes,No
1958,3457211,0,8,0,23,23,23,0,2,2,3,0,No,0,0,0,0,No,No,No,Yes,No
1959,3457244,0,12,2,3,6,8,1,4,8,16,0,No,0,0.73,0.79,0,No,No,Yes,Yes,No
1960,3457249,-1,8,0,152,206,260,15,61,117,179,41,No,0,0,0.22,1,No,No,No,Yes,No
1961,3457336,0,8,0,25,50,50,0,0,0,0,0,No,0,0.5,0.52,0,No,No,Yes,Yes,No
1962,3457450,9,2,0,0,10,20,3,9,20,41,1,No,0,1,0.99,0,No,No,No,Yes,No
1963,3457461,128,2,0,0,0,0,8,19,39,57,4,No,0,0.75,0.72,0,No,No,Yes,Yes,No
1964,3457789,-1,3,0,8,8,8,5,8,9,10,0,No,0,0.58,0.45,1,Yes,No,No,Yes,No
1965,3457790,4,2,0,3,9,14,1,8,10,10,0,No,0,0.98,0.99,0,No,No,No,Yes,No
1966,3458021,4,12,0,51,77,103,35,53,88,130,18,No,0,0.73,0.79,0,No,No,Yes,Yes,No
1967,3458056,4,2,0,0,0,0,7,7,7,9,1,No,0,0.04,0.08,0,No,No,No,Yes,No
1968,3458188,0,8,0,27,39,39,6,13,28,45,2,No,0,0.99,0.99,0,No,No,No,Yes,No
1969,3458345,0,8,0,12,17,27,0,6,12,14,2,No,0,0.34,0.3,0,No,No,No,Yes,No
1970,3458500,0,2,0,14,17,20,17,37,74,87,0,No,0,0.97,0.95,0,No,No,No,Yes,No
1971,3458603,12,8,0,7,19,23,4,10,26,42,17,No,0,0.54,0.71,0,No,No,No,Yes,No
1972,3458621,1,8,0,3,3,5,0,0,3,4,2,No,0,0,0.33,0,No,No,No,Yes,No
1973,3458709,2,2,0,10,10,10,6,6,6,6,0,No,0,1,0.99,0,Yes,No,No,Yes,No
1974,3458833,3,2,10,15,30,45,6,23,64,88,2,No,0,0.98,0.99,0,No,No,No,Yes,No
1975,3459061,6,8,0,36,60,72,7,18,30,67,0,No,0,0.99,0.99,0,No,No,No,Yes,No
1976,3459195,2,8,0,3,9,12,1,4,6,9,0,No,0,0.66,0.66,0,No,No,No,Yes,No
1977,3459261,1,9,0,0,0,0,1,1,1,2,0,No,0,0.99,0.99,0,No,No,No,Yes,No
1978,3459459,2,2,0,2,6,8,1,3,7,12,0,No,0,0.79,0.87,0,No,No,No,Yes,No
1979,3459491,0,12,0,198,293,388,0,0,0,0,14,No,0,0.73,0.7,0,No,No,Yes,Yes,No
1980,3459492,-7,2,0,72,72,108,17,60,128,207,17,No,0,0.28,0.19,15,No,No,No,Yes,No
1981,3459567,1,,0,2,4,5,0,2,3,4,1,No,0,-99,-99,0,No,No,No,Yes,No
1982,3459570,1,8,0,5,5,10,1,6,7,9,0,No,0,0.99,0.99,0,No,No,No,Yes,No
1983,3459645,0,2,0,0,50,80,0,0,0,2,0,No,0,0.82,0.81,0,No,No,Yes,Yes,No
1984,3459793,4,8,0,4,12,16,3,6,13,21,0,No,0,0.82,0.81,0,No,No,No,Yes,No
1985,3459878,0,12,0,5,8,10,3,4,8,11,4,No,0,0.73,0.79,0,No,No,No,Yes,No
1986,3459918,24,2,0,0,24,48,13,30,69,112,0,No,0,0.85,0.84,0,No,No,No,Yes,No
1987,3459987,3,8,0,6,18,24,2,9,17,27,6,No,0,0.98,0.97,0,No,No,No,Yes,No
1988,3460021,39,8,0,198,279,360,35,94,197,292,29,No,0,0.99,0.94,0,No,No,No,Yes,No
1989,3460074,4,8,0,9,19,25,2,9,18,24,2,No,0,0.98,0.97,0,No,No,No,Yes,No
1990,3460103,8,8,0,5,10,20,4,10,23,29,6,No,0,0.99,0.98,0,No,No,No,Yes,No
1991,3460203,12,12,0,28,68,108,9,32,72,98,0,No,0,0.8,0.78,0,No,No,No,Yes,No
1992,3460354,0,8,0,9,13,17,3,12,19,22,1,No,0,0.37,0.34,0,No,No,No,Yes,No
1993,3460434,0,2,0,10,10,10,0,2,3,3,0,No,0,0.69,0.72,0,Yes,No,No,Yes,No
1994,3460436,0,12,0,7,7,7,0,1,2,3,0,No,0,0.57,0.68,0,No,No,No,Yes,No
1995,3460517,-5,8,0,272,416,560,36,138,283,447,44,No,0,0.02,0.12,12,No,No,Yes,Yes,No
1996,3460530,0,8,0,5,9,13,3,7,9,13,0,No,0,0.94,0.8,0,No,No,No,Yes,No
1997,3460596,9,2,0,12,12,12,6,8,14,14,2,No,0,1,1,0,No,No,No,Yes,No
1998,3460622,1,12,0,24,34,44,3,21,40,49,0,No,0,0.73,0.79,0,No,No,No,Yes,No
1999,3461177,11,8,0,40,60,100,15,37,68,86,12,No,0,0.92,0.91,0,No,No,No,Yes,No
2000,3461725,3,12,0,975,975,975,18,67,163,232,33,No,0,0.57,0.68,0,No,No,Yes,Yes,No
2001,3461925,0,8,0,2,2,3,1,2,2,2,0,No,0,0.95,0.77,0,No,No,No,Yes,No
